page,71883,NN
of,39459,IN
displaying,39145,VBG
app,35907,NN
a,29745,DT
in,26157,IN
the,21515,DT
showing,20085,VBG
to,19244,TO
options,17557,NNS
display,14849,NN
screen,14808,NN
for,12468,IN
with,12338,IN
application,12231,NN
list,10627,NN
an,9239,DT
different,9015,JJ
up,8730,RB
shows,7421,NNS
pop,7143,NN
information,6585,NN
settings,6433,NNS
about,6090,IN
various,5868,JJ
and,5433,CC
pop-up,4825,NN
multiple,4595,NN
social,4590,JJ
option,4485,NN
details,4407,NNS
on,3663,IN
welcome,3570,NN
shopping,3253,NN
search,3172,NN
sign,3156,NN
login,2999,NN
displayed,2923,NN
image,2745,NN
news,2541,NN
share,2476,NN
select,2468,NN
home,2453,NN
asking,2346,VBG
profile,1949,NN
account,1870,NN
displays,1818,NNS
apps,1741,NN
learning,1718,VBG
location,1718,NN
music,1603,NN
message,1583,NN
weather,1511,NN
enter,1463,NN
add,1455,VB
notification,1436,NN
sharing,1360,VBG
food,1344,NN
applications,1312,NNS
available,1275,JJ
images,1243,NNS
number,1234,NN
sports,1199,NNS
map,1154,NN
other,1152,JJ
setting,1105,VBG
categories,1102,NNS
bar,1076,NN
popup,1073,NN
health,985,NN
choose,960,NN
create,943,NN
continue,938,NN
fitness,934,NN
alert,918,NN
language,916,NN
is,875,VBZ
log,871,NN
new,839,JJ
video,832,NN
blank,831,NN
menu,823,NN
find,812,VB
mobile,768,NN
open,765,JJ
window,760,NN
travel,724,NN
no,723,DT
photo,708,NN
videos,701,NNS
tracking,686,VBG
contact,685,NN
icons,673,NNS
start,669,NN
set,662,NN
online,658,NN
booking,643,VBG
from,630,IN
your,605,PRP$
locations,601,NNS
camera,600,NN
items,598,NNS
dating,596,VBG
icon,594,NN
code,580,NN
game,577,NN
data,572,NNS
financial,564,JJ
info,560,NN
few,548,JJ
player,540,NN
products,535,NNS
through,534,IN
results,530,NNS
are,529,VBP
contacts,528,NNS
user,520,NN
articles,509,NNS
gaming,508,VBG
access,501,NN
time,495,NN
empty,483,JJ
instructions,482,NNS
calendar,479,NN
chat,479,NN
terms,472,NNS
date,470,NN
text,470,NN
notifications,469,NNS
navigation,468,NN
payment,467,NN
features,464,NNS
or,463,CC
history,447,NN
audio,446,NN
loading,446,VBG
media,438,NNS
that,434,IN
flight,432,NN
this,425,DT
book,424,NN
editing,423,VBG
download,422,NN
product,418,NN
car,418,NN
version,417,NN
tracker,417,NN
help,416,NN
like,416,IN
file,407,NN
phone,406,NN
friends,401,NNS
call,398,NN
get,396,VB
baby,390,NN
edit,390,NN
all,389,DT
favorites,387,NNS
names,381,NNS
calling,379,VBG
some,377,DT
email,377,NN
status,372,NN
messaging,366,VBG
send,358,NN
messages,354,NNS
country,353,NN
gallery,352,NN
question,351,NN
install,349,NN
picture,346,NN
device,345,NN
introductory,344,NN
recent,344,JJ
care,343,NN
service,336,NN
general,335,JJ
price,333,NN
update,328,NN
forecast,327,NN
countries,327,NNS
my,324,PRP$
types,323,NNS
kinds,323,NNS
use,323,NN
alarm,320,NN
entertainment,319,NN
privacy,319,NN
feed,316,NN
conditions,314,NNS
initial,307,JJ
credentials,303,NNS
interface,301,NN
accept,300,NN
under,299,IN
workout,298,NN
tab,298,NN
streaming,298,VBG
recipe,297,NN
name,297,NN
feedback,297,NN
requesting,295,VBG
allow,295,VB
banking,293,NN
view,290,NN
using,289,VBG
searching,285,VBG
photos,284,NNS
medical,283,JJ
browser,283,NN
registration,282,NN
address,277,NN
personal,276,JJ
more,274,RBR
agreement,273,NN
website,270,NN
description,269,NN
guide,268,NN
register,268,NN
alerts,267,NNS
setup,265,NN
teams,265,NNS
reading,264,NN
starting,263,VBG
push,262,NN
recipes,262,NNS
test,259,NN
related,257,JJ
pictures,252,NNS
offers,251,NNS
languages,251,NNS
stories,250,NNS
next,250,JJ
vehicle,245,NN
numbers,244,NNS
live,243,JJ
questions,243,NNS
movie,243,NN
latest,239,JJS
password,239,NN
comments,239,NNS
invite,237,NN
regarding,236,VBG
verification,236,NN
timer,235,NN
store,235,NN
network,235,NN
hotel,234,NN
stickers,234,NNS
services,234,NNS
dictionary,231,JJ
security,227,NN
item,225,NN
's,225,POS
topics,224,NNS
via,223,IN
person,222,NN
radio,220,NN
top,219,NN
places,216,NNS
books,216,NNS
translation,215,NN
job,212,NN
bible,212,JJ
permission,211,NN
chatting,211,VBG
movies,211,NNS
support,210,NN
selecting,209,VBG
card,209,NN
reminder,208,NN
post,208,NN
button,208,NN
delivery,207,NN
events,205,NNS
team,205,NN
save,203,VB
error,202,NN
adding,202,VBG
business,200,NN
games,199,NNS
check,197,NN
cooking,197,NN
license,196,NN
connect,194,NN
by,193,IN
sound,191,NN
tv,190,NN
theme,190,NN
into,190,IN
songs,189,NNS
sounds,188,NNS
deals,188,NNS
creating,187,VBG
favorite,185,NN
contents,183,NNS
instruction,183,NN
type,182,NN
playing,182,VBG
article,181,NN
log-in,181,NN
mail,181,NN
trading,180,NN
weight,179,NN
enable,178,JJ
schedule,178,NN
fill,177,NN
saved,176,VBN
ideas,176,NNS
updates,175,NNS
preferences,173,NNS
box,173,NN
files,173,NNS
buy,172,VB
category,172,NN
maps,172,NNS
content,171,NN
based,171,VBN
emojis,171,NN
color,170,NN
variety,169,NN
activities,169,NNS
people,169,NNS
browsing,168,NN
gps,167,NN
two,167,CD
free,166,JJ
rewards,166,NNS
tickets,166,NNS
upgrade,166,NN
signing,165,NN
flights,164,NNS
confirmation,164,NN
rate,163,NN
profiles,162,NNS
colors,162,NNS
ticket,161,NN
filter,161,NN
voice,160,NN
be,158,VB
link,158,NN
play,156,NN
healthcare,155,NN
track,154,NN
filters,153,NNS
steps,153,NNS
input,152,NN
started,151,VBN
stores,151,NNS
policy,151,NN
recording,151,VBG
study,151,NN
result,149,NN
conversation,149,NN
calculator,149,NN
pregnancy,149,NN
finding,148,VBG
current,147,JJ
plan,146,NN
clock,146,NN
library,145,NN
bookmarks,145,NNS
which,144,WDT
how,144,WRB
widget,144,NN
selection,144,NN
tips,144,NNS
song,143,NN
activity,143,NN
travelling,142,VBG
communication,142,NN
period,142,NN
one,141,CD
report,141,NN
advertisement,140,NN
homepage,140,NN
notes,138,NNS
themes,138,NNS
cancel,138,NN
training,138,NN
accounts,137,NNS
prices,137,NNS
drawing,137,VBG
wallpaper,136,NN
city,136,NN
words,136,NNS
hotels,136,NNS
you,135,PRP
nearby,133,RB
statistics,133,NNS
complete,133,JJ
day,132,NN
its,132,PRP$
sleep,132,NN
sign-in,129,NN
controls,129,NNS
several,129,JJ
daily,129,JJ
event,128,NN
choosing,128,VBG
emoji,128,NN
room,128,NN
introduction,128,NN
selected,126,VBN
scores,126,NNS
place,125,NN
control,124,NN
permissions,124,NNS
rating,123,NN
upload,123,NN
trip,122,NN
points,122,NNS
networking,122,NN
mode,121,NN
inbox,121,NN
calls,121,NNS
quiz,120,NN
cars,119,NNS
diet,119,NN
keyboard,118,NN
many,118,JJ
informative,118,JJ
cities,118,NNS
year,117,NN
story,117,NN
feature,117,NN
folders,117,NNS
as,116,IN
cart,116,NN
folder,116,NN
tools,116,NNS
back,114,RB
ringtones,114,NNS
finance,114,NN
body,113,NN
wifi,113,NN
entry,113,NN
order,113,NN
score,113,NN
exercise,112,NN
restaurant,112,NN
verify,112,NN
caller,112,NN
translator,111,NN
connection,111,NN
sale,110,NN
route,110,NN
opening,110,NN
stations,109,NNS
women,109,NNS
word,107,NN
action,107,NN
money,107,NN
tutorial,106,NN
albums,106,NNS
channels,106,NNS
ordering,105,VBG
learn,105,NN
scan,105,JJ
confirm,104,NN
posts,104,NNS
levels,104,NNS
fields,103,NNS
days,103,NNS
restaurants,103,NNS
religious,103,JJ
exercises,103,NNS
train,103,NN
credential,102,NN
level,102,NN
android,102,NN
management,102,NN
found,101,NN
players,101,NNS
s,101,NN
property,101,NN
now,101,RB
scanner,101,NN
finder,100,NN
join,100,NN
local,100,JJ
storage,100,NN
entering,99,VBG
years,99,NNS
featured,99,VBN
tabs,99,NNS
grocery,98,NN
agree,98,NN
comic,98,JJ
offline,98,NN
change,97,NN
quotes,97,NNS
tracks,97,NNS
month,96,NN
phrases,96,NNS
recorder,96,NN
id,95,NN
signup,95,NN
family,95,NN
fuel,95,NN
reviews,94,NNS
plans,94,NNS
coupons,94,NNS
scanning,94,VBG
it,93,PRP
apply,93,VB
timings,93,NNS
section,93,NN
birthday,93,NN
balance,93,NN
statement,92,NN
preference,92,NN
offer,92,NN
english,92,JJ
asks,92,NNS
buttons,91,NNS
workouts,91,NNS
record,90,NN
episodes,90,NNS
keypad,89,NN
real,89,JJ
graph,89,NN
web,88,NN
field,88,NN
mapping,88,NN
installation,88,NN
group,88,NN
gender,88,NN
reminders,87,NNS
football,87,NN
volume,87,NN
pin,86,NN
show,85,NN
match,85,NN
warning,85,VBG
review,85,NN
age,85,NN
ratings,84,NNS
usage,84,NN
cartoon,84,NN
feeds,84,NNS
deny,84,NN
informations,83,NNS
out,83,IN
currency,83,NN
market,83,NN
musical,83,JJ
bank,82,NN
courses,82,NNS
answer,82,NN
meditation,82,NN
chats,82,NNS
playlist,81,NN
matches,81,NNS
size,81,NN
step,80,NN
art,80,NN
ringtone,80,NN
trips,79,NNS
lock,79,NN
pick,79,NN
versions,79,NNS
fashion,78,NN
policies,78,NNS
popular,78,JJ
background,78,NN
calculation,78,NN
sending,77,VBG
skip,77,NN
sport,77,NN
continuation,77,NN
invitation,77,NN
series,76,NN
animated,76,VBN
kids,76,NNS
cycle,76,NN
searches,76,NNS
education,75,NN
listings,75,NNS
close,75,RB
follow,75,VB
duration,75,NN
orders,75,NNS
trending,75,VBG
decorating,75,VBG
symptoms,75,NNS
shop,74,NN
recommended,74,VBN
bus,74,NN
font,74,NN
software,74,NN
watch,74,NN
album,74,NN
lists,74,NNS
browse,73,NN
expenses,73,NNS
wallpapers,73,NNS
water,73,NN
diary,73,JJ
medication,73,NN
comment,72,NN
airlines,72,NNS
searched,71,VBN
username,71,NN
downloading,71,VBG
stock,71,NN
stats,71,NNS
dates,70,NNS
listing,70,NN
speed,70,NN
likes,69,NNS
internet,69,NN
cards,69,NNS
budget,69,NN
eye,69,NN
demo,68,NN
give,68,VB
premium,68,NN
collection,68,NN
parking,68,NN
quick,68,NN
request,68,NN
creation,67,NN
ebook,67,NN
design,67,NN
units,67,NNS
estate,67,NN
e-commerce,66,NN
tap,66,NN
purchase,66,NN
accessing,66,VBG
horoscope,66,NN
checking,66,VBG
ingredients,65,NNS
subscription,65,NN
pages,65,NNS
dashboard,65,NN
sign-up,65,NN
ads,65,NNS
users,64,NNS
parameters,64,NNS
comics,64,NNS
child,64,NN
station,64,NN
podcast,64,NN
beauty,64,NN
digital,64,NN
groups,64,NNS
area,64,NN
done,63,VBN
distance,63,NN
cost,63,NN
program,63,NN
document,63,NN
being,62,VBG
doctor,62,NN
ok,62,NN
sentence,62,NN
nail,62,NN
holy,62,NN
records,61,NNS
sticker,61,NN
take,61,VB
activate,61,NN
translate,61,NN
lot,61,NN
manager,61,NN
week,61,NN
customer,61,NN
downloads,61,NNS
brands,61,NNS
messenger,61,NN
system,61,NN
effects,61,NNS
work,60,NN
submit,60,NN
devotional,60,NN
suggestions,60,NNS
coupon,60,NN
vocabulary,60,JJ
prayer,60,NN
methods,59,NNS
write,59,NN
particular,59,JJ
basic,59,JJ
artists,59,NNS
safety,59,NN
remote,58,NN
pet,58,NN
gift,58,NN
course,58,NN
menstrual,58,JJ
animal,58,NN
friend,58,NN
schedules,58,NNS
devices,58,NNS
entered,57,VBN
sort,57,NN
upcoming,57,VBG
birth,57,NN
transport,57,NN
note,56,NN
gas,56,NN
us,56,PRP
recently,56,RB
region,56,NN
channel,56,NNS
chart,56,NN
bookmark,56,NN
manage,56,NN
backup,56,NN
states,55,NNS
aspects,55,NNS
near,55,IN
not,55,RB
rental,55,NN
reader,55,NN
collections,54,NNS
boxes,54,NNS
chapters,54,NNS
painting,54,NN
planner,54,NN
community,53,NN
added,53,VBD
best,53,JJS
traffic,53,NN
know,52,VB
disclaimer,52,NN
editor,52,NN
guidelines,52,NNS
vehicles,52,NNS
tasks,52,NNS
state,52,NN
properties,52,NNS
stop,52,NN
connecting,52,VBG
destination,51,NN
school,51,NN
saving,51,VBG
house,51,NN
locator,51,NN
kitchen,51,NN
bookings,50,NNS
times,50,NNS
buying,50,NN
their,50,PRP$
quote,50,NN
smart,50,NN
codes,50,NNS
transactions,50,NNS
advanced,50,JJ
summary,49,NN
forecasting,49,NN
ecommerce,49,NN
fun,49,NN
parenting,49,VBG
maintenance,49,NN
monitoring,48,NN
center,48,NN
along,48,IN
url,48,NN
ad,48,NN
giving,48,VBG
temperature,48,NN
any,47,DT
catalog,47,NN
explore,47,NN
default,47,NN
reset,47,NN
remove,47,VB
transit,47,NN
method,47,NN
making,47,VBG
sync,47,NN
transaction,47,NN
selling,46,VBG
style,46,NN
clothing,46,NN
answers,46,NNS
configuration,46,NN
logs,46,NNS
jobs,46,NNS
tour,46,NN
condition,45,NN
league,45,NN
hearing,45,NN
task,45,NN
uploading,45,VBG
end,45,NN
full,45,JJ
qr,45,NN
discover,45,NN
transportation,44,NN
love,44,NN
guiding,44,VBG
programming,44,VBG
planning,44,NN
mood,44,NN
contains,43,NNS
face,43,NN
groceries,43,NNS
parts,43,NNS
faq,43,NN
go,43,VB
modes,43,NNS
taxi,43,NN
playlists,43,NNS
e-book,43,NN
invoice,43,NN
overview,43,NN
thumbnails,43,NNS
fertility,43,NN
shoes,43,NNS
provider,42,NN
customize,42,NN
credit,42,NN
educational,42,JJ
cat,42,NN
payments,42,NNS
decline,42,NN
earn,42,NN
goal,42,NN
directions,42,NNS
lessons,42,NNS
world,42,NN
club,42,NN
slide,42,NN
zip,41,NN
down,41,RB
recharge,41,NN
sms,41,NNS
given,41,VBN
discount,41,NN
topic,41,NN
key,41,NN
wall,41,NN
gifts,41,NNS
apartment,41,NN
practice,40,NN
try,40,NN
conversations,40,NNS
lifestyle,40,NN
company,40,NN
unlock,40,NN
verses,40,NNS
suggesting,40,VBG
rooms,40,NNS
logo,40,NN
reports,40,NNS
do,40,VB
networks,40,NNS
tests,40,NNS
tool,39,NN
designing,39,VBG
most,39,JJS
readings,39,NNS
board,39,NN
required,39,VBN
public,39,NN
marketing,39,NN
coloring,39,VBG
pad,38,NN
make,38,VB
reward,38,NN
automobile,38,NN
read,38,NN
updated,38,VBN
views,38,NNS
symbol,38,NN
magazine,38,NN
earthquake,38,NN
launcher,38,NN
documents,38,NNS
routes,38,NNS
widgets,38,NNS
tip,38,NN
pro,37,NNS
challenges,37,NNS
genres,37,NNS
styles,37,NNS
among,37,IN
them,37,PRP
bag,37,NN
interests,37,NNS
designs,37,NNS
rent,37,NN
experience,37,NN
refresh,37,NN
currencies,37,NNS
swipe,37,NN
source,37,NN
crop,37,NN
mileage,37,NN
instrument,37,NN
actions,37,NNS
journal,37,NN
development,37,NN
animals,37,NNS
talk,36,NN
converter,36,NN
main,36,JJ
blocked,36,VBN
enabling,36,VBG
favourites,36,NNS
grammar,36,NN
office,36,NN
issues,36,NNS
process,36,NN
members,36,NNS
airline,36,NN
detail,36,NN
satellite,36,NN
logging,36,VBG
stocks,36,NNS
skills,36,NNS
pay,36,NN
turn,35,NN
private,35,JJ
connectivity,35,NN
compose,35,NN
credits,35,NNS
compass,35,NN
site,35,NN
areas,35,NNS
black,35,JJ
server,35,NN
wallet,35,NN
dog,35,NN
exchange,35,NN
pdf,35,NN
height,35,NN
n't,34,RB
includes,34,VBZ
protection,34,NN
detailed,34,JJ
3d,34,CD
wish,34,NN
symbols,34,NNS
navigator,34,NN
member,34,NN
emergency,34,NN
radar,34,NN
medicine,34,NN
brand,34,NN
legal,34,JJ
stream,34,NN
guides,33,NNS
what,33,WP
while,33,IN
retry,33,NN
same,33,JJ
calculating,33,VBG
functions,33,NNS
measurements,33,NNS
assistant,33,NN
google,33,NN
class,33,NN
delete,33,NN
remainder,33,NN
acceptance,33,NN
dial,32,NN
off,32,IN
activation,32,NN
have,32,VB
click,32,NN
providers,32,NNS
journey,32,NN
timeline,32,NN
trains,32,NNS
pass,32,NN
goals,32,NNS
ride,32,NN
bills,32,NNS
makeup,32,NN
meme,32,NN
first,32,RB
active,32,JJ
managing,32,VBG
meal,32,NN
stages,32,NNS
previous,31,JJ
dishes,31,NNS
spiritual,31,JJ
hunting,31,VBG
blacklist,31,NN
insurance,31,NN
girl,31,NN
doctors,31,NNS
math,31,NN
footwear,31,NN
availability,31,NN
diabetes,31,NNS
teeth,31,NNS
installing,30,VBG
survey,30,NN
me,30,PRP
checkout,30,NN
lyrics,30,NNS
cropping,30,VBG
countdown,30,NN
loss,30,NN
range,30,NN
auto,30,NN
flashlight,30,NN
passcode,30,NN
driving,30,VBG
measurement,30,NN
alarms,30,NNS
mailing,30,VBG
prayers,30,NNS
verse,30,NN
speedometer,30,NN
affairs,30,NNS
theaters,29,NNS
hair,29,NN
today,29,NN
amount,29,NN
export,29,NN
getting,29,VBG
testing,29,VBG
bluetooth,29,NN
coding,29,VBG
writing,29,VBG
always,29,RB
heart,29,NN
declaration,29,NN
park,29,NN
assistance,29,NN
anime,29,NN
assessment,29,NN
cash,29,NN
line,29,NN
episode,29,NN
monthly,29,RB
calculate,29,NN
recordings,29,NNS
1,29,CD
block,29,NN
podcasts,29,NNS
multimedia,29,NN
mental,29,NN
nearest,29,JJS
shown,29,VBN
bike,29,NN
night,29,NN
translating,28,VBG
computer,28,NN
viewed,28,VBN
dress,28,NN
import,28,NN
featuring,28,VBG
links,28,NNS
flash,28,NN
medications,28,NNS
coffee,28,NN
percentage,28,NN
man,28,NN
capture,28,NN
yes,27,NNS
referral,27,JJ
kind,27,NN
filling,27,VBG
loan,27,NN
cartoons,27,NNS
special,27,JJ
texting,27,VBG
texts,27,NN
challenge,27,NN
table,27,NN
cases,27,NNS
progress,27,NN
blood,27,NN
astrology,27,NN
opened,27,VBN
membership,27,NN
classes,27,NNS
sales,27,NNS
stops,27,NNS
drugs,27,NNS
allowing,27,VBG
badges,27,NNS
moon,27,NN
clear,26,JJ
lines,26,NNS
adjust,26,NN
title,26,NN
describing,26,VBG
logout,26,NN
drink,26,NN
scheduled,26,VBN
pattern,26,NN
sim,26,NN
connections,26,NNS
drop,26,NN
inviting,26,VBG
dogs,26,NNS
artist,26,NN
chords,26,NNS
connected,26,VBN
automatic,26,JJ
police,26,NNS
entries,26,NNS
brain,26,NN
drug,26,NN
soccer,26,NN
viewer,26,NN
subscriptions,25,NNS
spanish,25,JJ
blocking,25,VBG
ways,25,NNS
front,25,NN
leagues,25,NNS
preview,25,NN
model,25,NN
query,25,NN
platform,25,NN
programs,25,NNS
length,25,NN
talking,25,VBG
audios,25,NNS
weekly,25,JJ
departure,25,NN
drinking,25,NN
just,25,RB
charts,25,NNS
self,25,NN
timing,25,NN
fruits,25,NNS
configure,25,NN
woman,25,NN
schools,25,NNS
tax,25,NN
decoration,25,NN
bill,25,NN
dieting,25,VBG
see,25,VB
following,25,VBG
circle,25,NN
database,25,NN
authentication,25,NN
exam,25,NN
accessories,24,NNS
at,24,IN
values,24,NNS
direction,24,NN
models,24,NNS
count,24,NN
once,24,RB
draw,24,NN
browsers,24,NNS
light,24,NN
performance,24,NN
completed,24,VBN
airports,24,NNS
aid,24,NN
genesis,24,NN
minutes,24,NNS
sleeping,24,VBG
space,24,NN
specific,24,JJ
requests,24,NNS
apartments,24,NNS
virtual,24,JJ
proceed,24,NN
pics,24,NNS
tones,23,NNS
delivering,23,VBG
children,23,NNS
suggestion,23,NN
sorting,23,VBG
three,23,CD
fan,23,NN
men,23,NNS
begin,23,NN
left,23,NN
flags,23,NNS
tags,23,NNS
skin,23,NN
welcoming,23,VBG
session,23,NN
memories,23,NNS
listed,23,VBN
persons,23,NNS
tutorials,23,NNS
earning,23,VBG
project,23,NN
funny,23,NN
trial,23,NN
leaning,23,VBG
last,23,JJ
knowledge,23,NN
zodiac,23,NN
months,23,NNS
transfer,23,NN
regions,23,NNS
recommendations,23,NNS
custom,23,NN
holidays,23,NNS
posting,23,VBG
signs,23,NNS
pharmacy,23,NN
reservation,22,NN
yoga,22,NN
asked,22,VBN
running,22,VBG
incidents,22,NNS
animation,22,NN
road,22,NN
copy,22,NN
toggle,22,NN
manual,22,JJ
television,22,NN
metro,22,NN
dairy,22,NN
hours,22,NNS
coins,22,NNS
accessibility,22,NN
form,22,NN
colour,22,NN
highlights,22,NNS
patient,22,NN
past,22,NN
memory,22,NN
charging,22,VBG
workplace,22,NN
traveler,21,NN
seat,21,NN
received,21,VBN
science,21,NN
san,21,NN
francisco,21,NN
dresses,21,NNS
yet,21,RB
gif,21,NN
rates,21,NNS
foods,21,NNS
again,21,RB
cricket,21,NN
exams,21,NNS
total,21,JJ
grant,21,NN
expense,21,NN
desired,21,VBN
forums,21,NNS
career,21,NN
locate,21,NN
meter,21,NN
air,21,NN
communities,21,NNS
mails,21,NNS
lesson,21,NN
resume,21,NN
materials,21,NNS
issue,21,NN
sections,21,NNS
got,21,VBD
problem,21,NN
meaning,21,NN
atm,21,NN
installed,21,VBN
client,21,NN
fare,21,NN
printing,21,NN
timetable,21,NN
exit,21,NN
suggested,21,VBN
maker,21,NN
consultation,21,NN
rules,21,NNS
smoking,21,NN
planets,21,NNS
dialer,20,NN
power,20,NN
visitors,20,NNS
battery,20,NN
fans,20,NNS
scoreboard,20,NN
selective,20,NN
facilities,20,NNS
periods,20,NNS
promo,20,NN
recommendation,20,NN
deal,20,NN
international,20,JJ
ticketing,20,VBG
tag,20,NN
sources,20,NNS
important,20,JJ
bikes,20,NNS
motivational,20,NN
sell,20,NN
competitions,20,NNS
sent,20,NN
concepts,20,NNS
commands,20,NNS
additional,20,JJ
shipping,20,NN
earned,19,VBN
equalizer,19,NN
favourite,19,NN
hourly,19,RB
engine,19,NN
licence,19,NN
correct,19,NN
calories,19,NNS
scripture,19,NN
format,19,NN
highlighting,19,VBG
cakes,19,NNS
adjustment,19,NN
idea,19,NN
watchlist,19,NN
right,19,NN
notice,19,NN
avatar,19,NN
unit,19,NN
building,19,NN
verifying,19,VBG
facts,19,NNS
directory,19,NN
therapy,19,NN
updating,19,VBG
projects,19,NNS
things,19,NNS
sun,19,NN
zone,19,NN
thank,18,NN
sessions,18,NNS
frequently,18,RB
changer,18,NN
clips,18,NNS
queries,18,NNS
playback,18,NN
traveling,18,VBG
chapter,18,NN
occurred,18,VBD
vpn,18,NN
smiley,18,NN
side,18,NN
listening,18,VBG
packages,18,NNS
provided,18,VBN
alcohol,18,NN
mark,18,NN
websites,18,NNS
fax,18,NN
global,18,JJ
character,18,NN
subscribe,18,NN
detection,18,NN
preparation,18,NN
dish,18,NN
female,18,NN
shapes,18,NNS
income,18,NN
cloud,18,NN
meet,18,NN
barcode,18,NN
diagnostics,18,NNS
instruments,18,NNS
finish,18,NN
easy,18,JJ
having,18,VBG
breaking,18,VBG
cashback,18,NN
growth,18,NN
trade,18,NN
contraction,18,NN
our,17,PRP$
seats,17,NNS
destinations,17,NNS
intial,17,JJ
renting,17,VBG
hear,17,NN
theory,17,NN
signin,17,NN
highlighted,17,VBN
blocker,17,NN
comparison,17,NN
switch,17,NN
bathroom,17,NN
speech,17,NN
wise,17,NN
colours,17,NNS
nutrition,17,NN
contacting,17,VBG
purchases,17,NNS
scale,17,NN
birthdays,17,NNS
pending,17,VBG
noise,17,NN
headlines,17,NNS
golf,17,NN
forms,17,NNS
pause,17,NN
rides,17,NNS
doing,17,VBG
shortcut,17,NN
surveys,17,NNS
payroll,17,NN
meals,17,NNS
pets,17,NNS
checkbox,17,NN
disable,17,JJ
ups,17,NNS
3,17,CD
medicines,17,NNS
vip,17,NN
clothes,17,NNS
rail,17,NN
outfits,17,NNS
bird,17,NN
garden,17,NN
anatomy,17,NN
baseball,17,NN
departments,16,NNS
point,16,NN
prepare,16,NN
controlling,16,VBG
feeding,16,VBG
wishlist,16,NN
can,16,MD
titles,16,NNS
purchasing,16,NN
investment,16,NN
used,16,VBN
paper,16,NN
hygiene,16,NN
broadcast,16,NN
filled,16,VBN
provide,16,NN
position,16,NN
undo,16,NN
frequency,16,NN
press,16,NN
truck,16,NN
upgrading,16,VBG
base,16,NN
part,16,NN
moods,16,NNS
faqs,16,NN
locating,16,VBG
present,16,NN
template,16,NN
frame,16,NN
calculations,16,NNS
human,16,NN
frequencies,16,NNS
paint,16,NN
way,16,NN
advice,16,NN
relationship,16,NN
others,16,NNS
quran,16,NN
regulating,16,VBG
creator,16,NN
piano,16,NN
taking,16,VBG
employee,16,NN
street,16,NN
appointment,16,NN
interview,16,NN
trucker,16,NN
furniture,15,NN
has,15,VBZ
filtering,15,VBG
changing,15,VBG
tuning,15,VBG
tuner,15,NN
load,15,NN
locker,15,NN
between,15,IN
another,15,DT
numerical,15,JJ
holiday,15,NN
hospital,15,NN
column,15,NN
race,15,NN
bookmarked,15,VBN
star,15,NN
greetings,15,NNS
graphs,15,NN
recovery,15,NN
played,15,NNS
random,15,NN
success,15,NN
before,15,IN
shoe,15,NN
package,15,NN
clubs,15,NNS
portfolio,15,NN
savings,15,NNS
marketplace,15,NN
cake,15,NN
dialing,15,VBG
shared,15,VBN
shortcuts,15,NNS
newspaper,15,NN
in/sign,15,NN
sample,15,NN
passes,15,NNS
wireless,15,NN
fishing,15,NN
benefits,15,NNS
gym,15,NN
trail,14,NN
confirming,14,VBG
resorts,14,NNS
menstruation,14,NN
wellness,14,NN
release,14,NN
typing,14,VBG
blog,14,NN
galleries,14,NNS
still,14,RB
applying,14,VBG
created,14,VBN
calorie,14,NN
templates,14,NNS
meeting,14,NN
dark,14,NN
short,14,JJ
after,14,IN
sam,14,NN
forgot,14,NN
meanings,14,NNS
labs,14,NNS
driver,14,NN
lady,14,NN
keyboards,14,NNS
cache,14,NN
personality,14,NN
checker,14,NN
bedroom,14,NN
resort,14,NN
plants,14,NNS
thumbnail,14,NN
students,14,NNS
addresses,14,NNS
streams,14,NNS
interior,14,NN
fake,14,NN
wind,14,NN
existing,14,VBG
registering,14,VBG
forecasts,14,NNS
sky,14,NN
phases,14,NNS
wedding,14,NN
choices,14,NNS
around,14,IN
minecraft,14,NN
healthy,14,JJ
arrival,14,NN
wizard,14,NN
appearance,14,NN
tweets,14,NNS
uploads,14,NNS
keys,13,NNS
accepting,13,VBG
failed,13,VBD
greeting,13,VBG
subject,13,NN
initializing,13,VBG
pair,13,NN
shops,13,NNS
microphone,13,NN
brightness,13,NN
analysis,13,NN
sets,13,NNS
sizes,13,NNS
discounts,13,NNS
cover,13,NN
joining,13,VBG
pressure,13,NN
abbreviations,13,NNS
paying,13,VBG
scree,13,NN
zero,13,NN
boy,13,NN
exploring,13,VBG
life,13,NN
quotation,13,NN
christmas,13,NN
enrollment,13,NN
portal,13,NN
positions,13,NNS
fm,13,NN
bandwidth,13,NN
party,13,NN
symptom,13,NN
licenses,13,NNS
pack,13,NN
purpose,13,NN
directories,13,NNS
appliances,13,NNS
sing,13,VBG
vision,13,NN
add-on,13,JJ
breakfast,13,NN
problems,13,NNS
subjects,13,NNS
measure,13,NN
vegetables,13,NNS
improve,13,VB
babies,13,NNS
newest,13,JJS
posted,13,VBN
followers,13,NNS
iq,13,NN
interest,13,NN
scanners,13,NNS
incoming,13,VBG
houses,13,NNS
pic,13,NN
outfit,13,NN
homes,13,NNS
blocks,13,NNS
target,13,NN
university,13,NN
printer,13,NN
prank,13,NN
missing,13,VBG
coordinates,13,NNS
nickname,13,NN
blindness,13,NN
depression,13,NN
guitar,13,NN
seeking,13,VBG
chord,13,NN
parental,13,NN
magazines,13,NNS
surgical,13,JJ
birds,13,NNS
concerts,13,NNS
riding,12,VBG
restore,12,NN
here,12,RB
dispalying,12,VBG
branch,12,NN
i,12,NN
alphabets,12,NNS
grade,12,NN
win,12,NN
sentences,12,NNS
railway,12,NN
billing,12,NN
well,12,RB
need,12,NN
customization,12,NN
arrivals,12,NNS
pop-,12,NN
drinks,12,NNS
decor,12,NN
spot,12,NN
capturing,12,VBG
reference,12,NN
paused,12,VBN
otp,12,NN
material,12,NN
starred,12,VBN
choice,12,NN
drive,12,NN
unknown,12,JJ
finger,12,NN
calender,12,NN
cats,12,NNS
packs,12,NNS
spots,12,NNS
hints,12,NNS
arts,12,NNS
facebook,12,NN
stay,12,NN
tone,12,NN
transferring,12,VBG
thoughts,12,NNS
uploaded,12,JJ
print,12,NN
religion,12,NN
flower,12,NN
final,12,JJ
identify,12,VB
internal,12,JJ
ceiling,12,NN
diagnosis,12,NN
exclusive,12,JJ
standard,12,NN
parks,12,NNS
smartphone,12,NN
copyrights,12,NNS
guests,12,NNS
check-in,12,NN
official,12,NN
consumption,12,NN
clicked,12,NNS
teaching,12,VBG
appointments,12,NNS
reporting,12,NN
tornado,12,NN
paris,12,NN
racing,12,VBG
salon,12,NN
lineups,12,NNS
memes,12,NNS
detect,12,NN
blogs,11,NNS
holder,11,NN
accommodation,11,NN
preferred,11,VBN
there,11,RB
french,11,JJ
visited,11,VBN
tourist,11,NN
fast,11,NN
listen,11,NN
sensor,11,NN
safe,11,JJ
monitor,11,NN
pose,11,NN
something,11,NN
championship,11,NN
java,11,NN
cuisines,11,NNS
communications,11,NNS
seller,11,NN
animations,11,NNS
up/log,11,NN
promotions,11,NNS
natural,11,JJ
whether,11,IN
pizza,11,NN
blogging,11,NN
per,11,IN
clip,11,NN
function,11,NN
booster,11,NN
measuring,11,VBG
recipients,11,NNS
downloaded,11,VBN
logos,11,NNS
personalize,11,NN
dismiss,11,NN
windows,11,NNS
fonts,11,NNS
reply,11,NN
posters,11,NNS
craft,11,NN
visit,11,NN
multi,11,NN
intake,11,NN
santa,11,NN
2017,11,CD
national,11,JJ
bonus,11,NN
matrimony,11,NN
guidance,11,NN
synchronization,11,NN
quality,11,NN
further,11,RB
repair,11,NN
enabled,11,VBN
desktop,11,NN
bug,11,NN
archived,11,VBN
recommend,11,NN
crawler,11,NN
primary,11,NN
viewing,11,VBG
marks,11,NNS
banks,11,NNS
dream,11,NN
threads,11,NNS
hotspot,11,NN
mind,11,NN
tours,11,NNS
disease,11,NN
recommending,11,VBG
clinic,11,NN
keep,11,VB
screens,11,NNS
sellers,11,NNS
trouble,11,NN
libraries,11,NNS
selfie,11,NN
frames,11,NNS
instant,11,NN
living,11,NN
anonymous,11,JJ
talks,11,NNS
-up,11,NN
cameras,11,NNS
startup,11,NN
politics,11,NNS
companion,11,NN
altitude,11,NN
publications,11,NNS
great,11,JJ
supermarket,11,NN
economy,10,NN
california,10,NN
climate,10,NN
rest,10,NN
wi-fi,10,NN
wishes,10,NNS
congratulations,10,NNS
remainders,10,NNS
solutions,10,NNS
tile,10,NN
drawings,10,NNS
conversion,10,NN
budgets,10,NNS
pairing,10,VBG
faces,10,VBZ
changes,10,NNS
watched,10,VBN
poster,10,NN
heath,10,NN
compare,10,NN
if,10,IN
ghost,10,NN
perform,10,NN
mic,10,NN
downloader,10,NN
film,10,NN
works,10,NNS
missed,10,VBN
bags,10,NNS
below,10,IN
shelters,10,NNS
estimate,10,NN
vibration,10,NN
breastfeeding,10,NN
scheduling,10,VBG
kit,10,NN
launch,10,NN
bars,10,NNS
due,10,JJ
zoom,10,NN
sex,10,NN
weights,10,NNS
fortune,10,NN
telling,10,VBG
flashcard,10,NN
trainer,10,NN
monetary,10,JJ
alphabetical,10,JJ
cafe,10,NN
buses,10,NNS
baking,10,NN
native,10,JJ
sensitivity,10,NN
hello,10,NN
mutual,10,JJ
receipt,10,NN
shares,10,NNS
maths,10,NNS
highways,10,NNS
arrow,10,NN
phones,10,NNS
skill,10,NN
showings,10,NNS
treatment,10,NN
neighborhood,10,NN
adjusting,10,VBG
opens,10,NNS
catalogs,10,NNS
presenting,10,VBG
up/,10,NN
guest,10,NN
net,10,NN
expressions,10,NNS
markets,10,NNS
pill,10,NN
yourself,10,PRP
specials,10,NNS
satellites,10,NNS
entertaining,10,VBG
costs,10,NNS
student,10,NN
flowers,10,NNS
discussions,10,NNS
salary,10,NN
tell,10,NN
glucose,10,NN
2,10,CD
invoices,10,NNS
partner,10,NN
metals,10,NNS
jokes,10,NNS
ebooks,10,NNS
technical,10,JJ
projections,10,NNS
holy-book,10,NN
discovery,10,NN
knots,10,NNS
quit,10,NN
tenses,10,NNS
split,10,NN
liked,9,VBN
could,9,MD
demos,9,NN
wait,9,NN
genre,9,NN
translations,9,NNS
old,9,JJ
airport,9,NN
explaining,9,VBG
kid,9,NN
professional,9,JJ
thanking,9,VBG
moments,9,NNS
copyright,9,NN
edition,9,NN
employment,9,NN
leader,9,NN
recents,9,NNS
cycling,9,NN
responses,9,NNS
optional,9,JJ
varieties,9,NNS
nails,9,NNS
disaster,9,NN
hardware,9,NN
convert,9,NN
avatars,9,NNS
anxiety,9,NN
presets,9,NNS
adoption,9,NN
calculators,9,NNS
value,9,NN
enquiry,9,NN
enroll,9,NN
linking,9,VBG
skins,9,NNS
single,9,JJ
emails,9,NNS
advisor,9,NN
opinion,9,NN
clients,9,NNS
emotions,9,NNS
been,9,VBN
completion,9,NN
slides,9,NNS
advertising,9,NN
tournament,9,NN
interested,9,JJ
measures,9,NNS
tooth,9,NN
redeem,9,NN
reject,9,NN
shades,9,NNS
checkboxes,9,NNS
premier,9,NN
token,9,NN
shirts,9,NNS
girls,9,NNS
landmark,9,NN
cookies,9,NNS
occupation,9,NN
fire,9,NN
speaker,9,NN
mp3,9,NN
ab,9,NN
readers,9,NNS
mathematical,9,JJ
true,9,JJ
wake,9,NN
trailers,9,NNS
better,9,RBR
picks,9,NNS
stadium,9,NN
loyalty,9,NN
goods,9,NNS
smoke,9,NN
cup,9,NN
hidden,9,NN
wear,9,NN
alerting,9,VBG
mod,9,NN
pregnant,9,NN
gay,9,NN
practices,9,NNS
sites,9,NNS
validation,9,NN
hot,9,JJ
analytics,9,NNS
layout,9,NN
solving,9,VBG
pricing,9,NN
shape,9,NN
hacking,9,VBG
storm,9,NN
personalized,9,VBN
warnings,9,NNS
navigate,9,NN
let,9,VB
astronomy,9,NN
plant,9,NN
predictions,9,NNS
tricks,9,NNS
references,9,NNS
sql,9,NN
navigational,9,JJ
wash,9,NN
round,9,NN
average,9,JJ
memorization,9,NN
digits,9,NNS
removing,9,VBG
catalogue,9,NN
achievements,9,NNS
humor,9,NN
drafts,9,NNS
lounges,9,NNS
recruiting,8,NN
remaining,8,VBG
theater,8,NN
adjustments,8,NNS
salad,8,NN
attractions,8,NNS
diseases,8,NNS
where,8,WRB
alphabet,8,NN
basketball,8,NN
explorer,8,NN
rotate,8,NN
who,8,WP
cuisine,8,NN
babycare,8,NN
errors,8,NNS
elements,8,NNS
when,8,WRB
html,8,NN
clinical,8,JJ
ask,8,NN
master,8,NN
vault,8,NN
blanks,8,NNS
traveller,8,NN
quizzes,8,NNS
characters,8,NNS
films,8,NNS
lets,8,NNS
red,8,JJ
successful,8,JJ
schooling,8,VBG
licensing,8,NN
discussion,8,NN
cosmetics,8,NNS
incorrect,8,NN
cleaning,8,NN
comedy,8,NN
procedure,8,NN
cast,8,NN
chinese,8,JJ
ages,8,NNS
customers,8,NNS
japanese,8,JJ
cropped,8,NN
constitution,8,NN
index,8,NN
effect,8,NN
generator,8,NN
relax,8,NN
sketch,8,NN
caring,8,VBG
high,8,JJ
hand,8,NN
move,8,NN
invalid,8,JJ
incomes,8,NNS
watching,8,VBG
jo,8,NN
broadcasting,8,NN
infant,8,NN
customized,8,VBN
advertisements,8,NNS
refer,8,NN
recipient,8,NN
flashcards,8,NNS
mods,8,NNS
bmi,8,NN
watches,8,NNS
passengers,8,NNS
direct,8,JJ
desk,8,NN
beam,8,NN
costumes,8,NNS
caption,8,NN
containing,8,VBG
vacation,8,NN
male,8,NN
happy,8,JJ
phrase,8,NN
tracked,8,NNS
parents,8,NNS
formulas,8,NNS
receive,8,NN
standings,8,NNS
cheap,8,NN
look,8,NN
role,8,NN
good,8,JJ
motivation,8,NN
hosts,8,NNS
hindi,8,NN
cable,8,NN
barking,8,NN
rider,8,NN
tablet,8,NN
capsules,8,NNS
intervals,8,NNS
suggests,8,NNS
degree,8,NN
port,8,NN
organizer,8,NN
braces,8,NNS
dental,8,NN
surfing,8,VBG
addiction,8,NN
lineup,8,NN
modify,8,NN
sewing,8,VBG
postal,7,JJ
reserve,7,NN
pocket,7,NN
rounds,7,NNS
run,7,VB
later,7,RB
scorecard,7,NN
dealers,7,NNS
dealer,7,NN
checklist,7,NN
n,7,NN
ring,7,NN
sorry,7,NN
known,7,VBN
nursing,7,NN
valid,7,JJ
launching,7,VBG
identity,7,NN
singing,7,VBG
markers,7,NNS
speaking,7,VBG
steaming,7,VBG
positive,7,JJ
regional,7,JJ
theatres,7,NNS
creative,7,JJ
bass,7,NN
puzzle,7,NN
pokemon,7,NN
vr,7,NN
low,7,JJ
fat,7,NN
fruit,7,NN
pinned,7,VBN
white,7,JJ
draft,7,NN
opportunities,7,NNS
mixer,7,NN
diagram,7,NN
theatre,7,NN
businesses,7,NNS
recorded,7,VBN
advance,7,NN
prediction,7,NN
analog,7,NN
cab,7,NN
push-ups,7,NNS
ovulation,7,NN
hide,7,NN
statistical,7,JJ
emoticons,7,NNS
bubble,7,JJ
parent,7,NN
blue,7,NN
couples,7,NNS
electric,7,JJ
april,7,NN
shift,7,NN
muscle,7,NN
knowing,7,VBG
only,7,RB
studying,7,VBG
fares,7,NNS
navigating,7,VBG
moment,7,NN
leaders,7,NNS
become,7,NN
pencil,7,NN
ip,7,NN
fish,7,NN
someone,7,NN
latitude,7,NN
longitude,7,NN
trailer,7,NN
climbing,7,VBG
rescue,7,NN
terminals,7,NNS
drills,7,NNS
10,7,CD
taken,7,VBN
amenities,7,NNS
addition,7,NN
travellers,7,NNS
notify,7,NN
cool,7,NN
counter,7,NN
breathing,7,NN
author,7,NN
political,7,JJ
weapon,7,NN
jewellery,7,NN
weeks,7,NNS
sd,7,NN
keyword,7,NN
servicing,7,VBG
cute,7,NN
refuse,7,NN
sub,7,NN
secure,7,NN
beginning,7,VBG
christian,7,NN
second,7,JJ
interval,7,NN
outdoor,7,NN
rankings,7,NNS
purchased,7,VBN
simple,7,NN
operations,7,NNS
surgery,7,NN
routine,7,NN
slots,7,NNS
regulate,7,NN
inspired,7,VBN
servers,7,NNS
zones,7,NNS
e,7,NN
bands,7,NNS
screening,7,VBG
adult,7,NN
visual,7,JJ
layers,7,NNS
tennis,7,NN
super,7,NN
quotations,7,NNS
pull,7,NN
roster,7,NN
construction,7,NN
allergies,7,NNS
dictionaries,7,NNS
exercising,7,VBG
inspirational,7,JJ
api,7,NN
hold,7,NN
born,7,NN
advices,7,NNS
reach,7,NN
expert,7,NN
funds,7,NNS
relaxing,7,VBG
ready,7,JJ
salons,7,NNS
mine,7,NN
rhythm,7,NN
injuries,7,NNS
collage,7,NN
fever,7,NN
charity,7,NN
church,7,NN
agenda,7,NN
receipts,7,NNS
routing,7,VBG
cookie,7,NN
prompt,7,NN
landing,7,VBG
systems,7,NNS
ethnicity,7,NN
cook,7,NN
refueling,7,VBG
acknowledgements,7,NNS
locked,7,VBN
merge,7,NN
knot,7,NN
planet,7,NN
set-up,7,NN
python,7,NN
housing,7,NN
quitting,7,VBG
contractions,7,NNS
identifying,7,VBG
trash,7,NN
tobacco,7,NN
taxes,7,NNS
crisis,7,NN
voting,6,NN
commute,6,NN
booked,6,VBN
beds,6,NNS
companies,6,NNS
joined,6,VBD
institution,6,NN
beats,6,NNS
graphic,6,JJ
whats,6,NNS
extras,6,NNS
gives,6,VBZ
digit,6,NN
prize,6,NN
dressing,6,VBG
path,6,NN
mass,6,NN
stress,6,NN
wrong,6,JJ
loaded,6,VBN
cube,6,NN
adds,6,VBZ
airways,6,NNS
forum,6,NN
composing,6,VBG
relaxation,6,NN
converting,6,VBG
thanks,6,NNS
syncing,6,VBG
claim,6,NN
operate,6,NN
targets,6,NNS
30,6,CD
paragraph,6,NN
receiving,6,VBG
volunteer,6,NN
providing,6,VBG
breast,6,NN
hyperlink,6,NN
research,6,NN
jewelry,6,NN
beginner,6,NN
limits,6,NNS
pc,6,NN
sugar,6,NN
drama,6,NN
mom,6,NN
colored,6,VBN
lights,6,NNS
own,6,JJ
bicycle,6,NN
e-hailing,6,NN
detecting,6,VBG
fee,6,NN
dessert,6,NN
boards,6,NNS
trends,6,NNS
potty,6,NN
small,6,JJ
signature,6,NN
antivirus,6,NN
located,6,VBN
hairstyle,6,NN
beginners,6,NNS
collect,6,NN
birthdate,6,NN
branches,6,NNS
mixes,6,NNS
terminal,6,NN
gold,6,NN
backgrounds,6,NNS
couple,6,NN
formats,6,NNS
tree,6,NN
answered,6,VBN
bibles,6,NNS
breath,6,NN
we,6,PRP
shipment,6,NN
telecom,6,NN
soup,6,NN
basket,6,NN
optimizer,6,NN
d,6,NN
blackboard,6,NN
districts,6,NNS
normal,6,JJ
remind,6,NN
will,6,MD
docs,6,NN
exporting,6,VBG
slider,6,NN
requirements,6,NNS
forward,6,RB
organization,6,NN
ball,6,NN
celebrity,6,NN
false,6,JJ
buzz,6,NN
emotion,6,NN
bar-code,6,NN
developer,6,NN
pickup,6,NN
phase,6,NN
captured,6,VBN
unable,6,JJ
touch,6,NN
caution,6,NN
plugins,6,NNS
plugin,6,NN
dots,6,NNS
intro,6,NN
donation,6,NN
korean,6,NN
diy,6,NN
authenticate,6,NN
scanned,6,VBN
refreshing,6,VBG
needed,6,VBN
stars,6,NNS
'about,6,IN
factors,6,NNS
bridge,6,NN
conference,6,NN
output,6,NN
upgradation,6,NN
twitter,6,NN
successfully,6,RB
actors,6,NNS
fluency,6,NN
letters,6,NNS
tethering,6,VBG
visits,6,NNS
academic,6,JJ
generating,6,VBG
replies,6,NNS
preparing,6,VBG
written,6,VBN
scripts,6,NNS
express,6,NN
necessary,6,JJ
crash,6,NN
lost,6,VBN
tide,6,NN
waiting,6,VBG
floating,6,VBG
saying,6,VBG
cruise,6,NN
generic,6,NN
toys,6,NNS
sobriety,6,NN
audiobooks,6,NNS
tribes,6,NNS
ranking,6,VBG
thermometer,6,NN
tidal,6,NN
shortlisted,6,VBN
hymns,6,NN
hashtags,6,NNS
scales,6,NNS
solar,6,NN
loops,6,NNS
gear,6,NN
archive,6,JJ
artwork,6,NN
webcams,6,NNS
pp,6,NN
rhymes,6,NNS
thermostat,6,NN
pedometer,6,NN
agriculture,6,NN
calendars,6,NNS
invites,6,NNS
deleting,6,VBG
aviation,6,NN
criteria,6,NNS
ted,6,VBN
breads,6,NNS
bp,6,NN
vitamin,6,NN
military,6,JJ
cemetery,6,NN
headaches,6,NNS
drum,6,NN
dash,6,NN
rainfall,6,NN
stuff,6,NN
spin,6,NN
invitations,6,NNS
telephone,6,NN
christianity,6,NN
whistle,6,NN
helping,5,VBG
united,5,JJ
authorization,5,NN
communicate,5,NN
please,5,NN
green,5,JJ
abilities,5,NNS
physics,5,NNS
concept,5,NN
during,5,IN
notifying,5,VBG
college,5,NN
sorted,5,VBN
father,5,NN
tourism,5,NN
neck,5,NN
extra,5,JJ
looking,5,VBG
four,5,CD
snacks,5,NNS
editors,5,NNS
mix,5,NN
visiting,5,VBG
ladies,5,NNS
broadcasts,5,NNS
treatments,5,NNS
glasses,5,NNS
bowser,5,NN
ground,5,NN
eatery,5,NN
prizes,5,NNS
palette,5,NN
sensors,5,NNS
nature,5,NN
leaderboard,5,NN
columns,5,NN
arrested,5,VBN
include,5,NN
displayings,5,NNS
bed,5,NN
closing,5,NN
polish,5,JJ
above,5,IN
signal,5,NN
doors,5,NNS
would,5,MD
gadget,5,NN
reload,5,NN
attributions,5,NNS
teddy,5,NN
bear,5,NN
guidebook,5,NN
beverage,5,NN
hearts,5,NNS
barometer,5,NN
dining,5,VBG
novel,5,NN
t-shirts,5,NNS
infants,5,NNS
mixing,5,VBG
addon,5,NN
donate,5,NN
platforms,5,NNS
advisors,5,NNS
rings,5,NNS
six,5,CD
nothing,5,NN
apple,5,NN
donating,5,VBG
instructing,5,VBG
paged,5,VBN
gesture,5,NN
electronic,5,JJ
watchlists,5,NNS
actor,5,NN
suite,5,NN
prerequisites,5,NNS
individual,5,JJ
graphics,5,NNS
diapers,5,NNS
specialty,5,NN
webpage,5,NN
meteorology,5,NN
ott,5,NN
reactions,5,NNS
dragon,5,NN
vibrate,5,NN
preset,5,NN
paste,5,NN
scrolling,5,VBG
correction,5,NN
e-commence,5,NN
5,5,CD
spelling,5,VBG
glossary,5,JJ
pitch,5,NN
common,5,JJ
annual,5,JJ
tokens,5,NNS
voicemail,5,NN
linked,5,VBN
pointers,5,NNS
morning,5,NN
object,5,NN
percentages,5,NNS
tunes,5,NNS
identification,5,NN
urgent,5,NN
marital,5,NN
stored,5,VBN
crafting,5,VBG
adventures,5,NNS
coming,5,VBG
march,5,NN
paired,5,VBN
mother,5,NN
aerial,5,JJ
7,5,CD
starter,5,NN
root,5,NN
recovering,5,VBG
decorated,5,VBN
chicken,5,NN
whip,5,NN
chatroom,5,NN
waves,5,NNS
technology,5,NN
earth,5,NN
cups,5,NNS
dramas,5,NN
conformation,5,NN
remember,5,VB
uses,5,NNS
metrics,5,NNS
operating,5,NN
reduction,5,NN
handbags,5,NNS
species,5,NNS
situations,5,NNS
workspace,5,NN
departures,5,NNS
ranges,5,NNS
patterns,5,NNS
swiping,5,VBG
quantity,5,NN
refund,5,NN
weapons,5,NNS
mathematics,5,NNS
definition,5,NN
verbs,5,NNS
speak,5,NN
reciters,5,NNS
meditating,5,VBG
homescreen,5,NN
attendance,5,NN
e-books,5,NNS
winter,5,NN
centers,5,NNS
financing,5,NN
allowance,5,NN
friday,5,NN
remodeling,5,VBG
relationships,5,NNS
snap,5,NN
nutritional,5,JJ
shut,5,NN
finished,5,VBN
charge,5,NN
miscellaneous,5,JJ
crowns,5,NNS
drivers,5,NNS
leg,5,NN
polices,5,NNS
badge,5,NN
fit,5,NN
scientific,5,JJ
according,5,VBG
accent,5,NN
hd,5,NN
interactive,5,JJ
styling,5,VBG
eula,5,NN
agent,5,NN
gems,5,NNS
american,5,JJ
potatoes,5,NNS
papers,5,NNS
seeing,5,VBG
shot,5,NN
organisation,5,NN
resources,5,NNS
toddler,5,NN
conferencing,5,VBG
baggage,5,NN
payee,5,NN
halal,5,NN
globe,5,NN
hotspots,5,NNS
pace,5,NN
recipebook,5,NN
swimming,5,VBG
meetups,5,NNS
africa,5,NN
loactions,5,NNS
foreign,5,JJ
cooling,5,VBG
testament,5,NN
culture,5,NN
unlimited,5,JJ
parked,5,VBN
marriage,5,NN
cutter,5,NN
virus,5,NN
patients,5,NNS
promotion,5,NN
bodybuilding,5,NN
mortgage,5,NN
contractor,5,NN
north,5,NN
lockscreen,5,NN
studio,5,NN
rabbit,5,NN
personalization,5,NN
pointing,5,VBG
authorized,5,VBN
casting,5,VBG
managed,5,VBN
photography,5,NN
snack,5,NN
generate,5,NN
voip,5,NN
lenses,5,NNS
doodle,5,NN
consultations,5,NNS
marine,5,NN
homework,5,NN
dimensions,5,NNS
builder,5,NN
all-in-one,5,NN
frequent,5,NN
submissions,5,NNS
vocal,5,JJ
sober,5,NN
pads,5,NNS
return,5,NN
registered,5,VBN
islamic,5,JJ
assignments,5,NNS
continuing,5,VBG
season,5,NN
tides,5,NNS
congrats,5,NNS
wheel,5,NN
taximeter,5,NN
cooks,5,NNS
relation,5,NN
lounge,5,NN
leave,5,VB
example,5,NN
ringer,5,NN
summoner,5,NN
timetables,5,NNS
consists,4,NNS
auctions,4,NNS
needs,4,NNS
completing,4,VBG
adventure,4,NN
disagree,4,NN
ability,4,NN
winning,4,VBG
focus,4,NN
screenshots,4,NNS
institutions,4,NNS
captions,4,NNS
instagram,4,NN
amounts,4,NNS
gifs,4,NNS
filed,4,VBN
tourists,4,NNS
ice,4,NN
hockey,4,NN
god,4,NN
saver,4,NN
walking,4,VBG
radios,4,NNS
humidity,4,NN
lottery,4,NN
letter,4,NN
recurring,4,VBG
postcards,4,NNS
unread,4,JJ
guns,4,NNS
interesting,4,VBG
servings,4,NNS
universal,4,NN
squad,4,NN
investments,4,NNS
activating,4,VBG
comparing,4,VBG
grids,4,NNS
nasty,4,JJ
durations,4,NNS
migraine,4,NN
disasters,4,NNS
lobby,4,NN
chosen,4,NN
wine,4,NN
pf,4,NN
torrents,4,NNS
cocktails,4,NNS
logged,4,VBN
seasons,4,NNS
lunch,4,NN
km,4,NN
headache,4,NN
universities,4,NNS
deposit,4,NN
musics,4,NNS
raise,4,NN
tick,4,NN
intensity,4,NN
limit,4,NN
poker,4,NN
t-shirt,4,NN
web-page,4,NN
mimic,4,NN
instance,4,NN
planes,4,NNS
bonuses,4,NNS
tables,4,NNS
instances,4,NNS
india,4,NN
describe,4,NN
lab,4,NN
voucher,4,NN
without,4,IN
want,4,NN
earnings,4,NNS
outage,4,NN
perfect,4,NN
forest,4,NN
blades,4,NNS
tires,4,NNS
acknowledgments,4,NNS
acknowledgment,4,NN
tattoos,4,NN
panel,4,NN
moving,4,VBG
strategies,4,NNS
offered,4,VBN
coaches,4,NNS
repeater,4,NN
athlete,4,NN
athletic,4,JJ
february,4,JJ
proverbs,4,NNS
inquiry,4,NN
advisory,4,NN
marker,4,NN
publishing,4,NN
fresh,4,JJ
sitters,4,NNS
frequents,4,NNS
clearance,4,NN
teammates,4,NNS
travelers,4,NNS
soon,4,RB
checklists,4,NNS
coach,4,NN
appreciation,4,NN
mobiles,4,NNS
imagery,4,NN
metal,4,NN
chemical,4,NN
pals,4,NNS
cheapest,4,NN
vouchers,4,NNS
queue,4,NN
dollars,4,NNS
spending,4,NN
spent,4,NN
hit,4,NN
apparel,4,NN
term,4,NN
increase,4,NN
vegetable,4,NN
recover,4,NN
fact,4,NN
synonyms,4,NN
contests,4,NNS
disabling,4,VBG
travels,4,NNS
packing,4,VBG
attendees,4,NNS
handpicked,4,VBN
silver,4,NN
congratulating,4,VBG
ridesharing,4,VBG
upgraded,4,JJ
horoscopes,4,NNS
delivered,4,VBN
metronome,4,NN
shirt,4,NN
shuffle,4,NN
push-up,4,NN
emailing,4,VBG
turning,4,VBG
each,4,DT
mock,4,NN
non,4,NN
dietary,4,JJ
basics,4,NNS
miles,4,NNS
advises,4,NNS
descriptions,4,NNS
athletics,4,NNS
idioms,4,NNS
previously,4,RB
charges,4,NNS
operation,4,NN
coin,4,NN
lunar,4,NN
eclipse,4,NN
response,4,NN
viewers,4,NNS
decorations,4,NNS
bugs,4,NNS
wave,4,NN
translated,4,VBN
gmail,4,NN
hyper,4,NN
ca,4,MD
champions,4,NNS
logical,4,JJ
rain,4,NN
abs,4,NNS
energy,4,NN
fix,4,NN
peace,4,NN
deliver,4,NN
ahead,4,RB
validity,4,NN
repeat,4,NN
residential,4,JJ
to-do-list,4,NN
renewal,4,NN
up/sign,4,NN
ap,4,NN
dropdown,4,NN
spam,4,NN
6,4,CD
tutors,4,NNS
german,4,JJ
signals,4,NNS
industry,4,NN
tiny,4,JJ
slot,4,NN
guideline,4,NN
participants,4,NNS
gadgets,4,NNS
classroom,4,NN
transfers,4,NNS
laura,4,NN
future,4,NN
picked,4,NNS
arabic,4,NN
biology,4,NN
diagnostic,4,JJ
electronics,4,NNS
lock-screen,4,JJ
etc,4,NN
menus,4,NN
tying,4,VBG
unavailable,4,JJ
employer,4,NN
working,4,VBG
possible,4,JJ
achieve,4,NN
electricity,4,NN
torch,4,NN
sdcard,4,NN
essentials,4,NNS
asthma,4,NN
physical,4,JJ
fellow,4,NN
cut,4,NN
memorizing,4,VBG
tells,4,NNS
checkbook,4,NN
trucks,4,NNS
lucky,4,JJ
automatically,4,RB
london,4,NN
composition,4,NN
expression,4,NN
reductions,4,NNS
positioning,4,VBG
verb,4,NN
exclusion,4,NN
pain,4,NN
jon,4,NN
bell,4,NN
grab,4,NN
newborn,4,NNS
maintaining,4,VBG
unique,4,NN
theories,4,NNS
compatibility,4,NN
monitors,4,NNS
fees,4,NNS
campaign,4,NN
buyers,4,NNS
tube,4,NN
does,4,VBZ
strings,4,NNS
designer,4,NN
hazards,4,NNS
disabled,4,JJ
dinner,4,NN
hazardous,4,JJ
configurations,4,NNS
tweet,4,NN
procedures,4,NNS
horse,4,NN
races,4,NNS
gardening,4,NN
photograph,4,NN
pre,4,NN
flow,4,NN
build,4,NN
snaps,4,NNS
scoring,4,VBG
on-off,4,NN
over,4,IN
heating,4,NN
aids,4,NNS
puzzles,4,NNS
fundamentals,4,NNS
clean,4,NN
beer,4,NN
q,4,NN
wildfires,4,NNS
consulting,4,VBG
2016,4,CD
negative,4,JJ
weathers,4,NNS
sea,4,NN
reminding,4,VBG
biological,4,JJ
competition,4,NN
shaping,4,VBG
lemon,4,NN
muscles,4,NNS
trucking,4,NN
retailer,4,NN
deliveries,4,NNS
pincode,4,NN
burn,4,NN
onboarding,4,VBG
emotional,4,JJ
alcoholism,4,NN
brush,4,NN
pairs,4,NNS
beach,4,NN
romantic,4,JJ
surf,4,NN
skateboard,4,NN
terminology,4,NN
division,4,NN
tie,4,NN
flite,4,NN
balloon,4,NN
fixtures,4,NNS
buffer,4,NN
arena,4,NN
origami,4,NN
musician,4,NN
subway,4,NN
reverse,4,NN
highest,4,JJS
figures,4,NNS
mouth,4,NN
nasa,4,NN
retailers,4,NNS
cleanup,4,NN
socail,4,NN
youtube,4,NN
austria,4,NNS
cycles,4,NNS
cleats,4,NNS
headphones,4,NNS
coverage,4,NN
boarding,4,NN
looks,4,NNS
revision,4,NN
conditioners,4,NNS
italian,4,JJ
lipsticks,4,NNS
professions,4,NNS
snapshots,4,NNS
tapping,4,VBG
wiki,4,NN
oracle,4,NN
attachment,4,NN
diabetic,4,JJ
pnrs,4,NN
museum,4,NN
corporate,4,JJ
chromecast,4,NN
cpr,4,NN
closed,4,VBD
encryption,4,NN
temporary,4,JJ
insulin,4,NN
fundraising,4,VBG
desires,4,NNS
rubies,4,NNS
opponent,4,NN
requires,4,VBZ
sectors,4,NNS
calibration,4,NN
theming,4,VBG
law,4,NN
upshot,4,JJ
dropping,4,VBG
wires,4,NNS
visa,4,NN
beef,4,NN
comparisons,4,NNS
concessions,4,NNS
foodies,4,NNS
enchantments,4,NNS
observations,4,NNS
postpone,4,NN
emission,4,NN
outs,3,NNS
callers,3,NNS
qualifying,3,VBG
useful,3,JJ
submitting,3,VBG
juice,3,NN
merchant,3,NN
screenshot,3,NN
allowed,3,VBN
editting,3,VBG
publish,3,NN
postures,3,NNS
vessels,3,NNS
snore,3,NN
commission,3,NN
wheeler,3,NN
label,3,NN
champaign,3,NN
tailoring,3,VBG
inventory,3,NN
recharging,3,VBG
basis,3,NN
e-mail,3,NN
journeys,3,NNS
hospitals,3,NNS
microsoft,3,NN
timelines,3,NNS
backpack,3,NN
carry,3,NN
okay,3,NN
cam,3,NN
e-tickets,3,NNS
thinking,3,VBG
spellings,3,NNS
within,3,IN
scenery,3,NN
lookup,3,NN
arrests,3,NNS
inactive,3,JJ
objects,3,NNS
bedding,3,NN
both,3,DT
snow,3,NN
doll,3,NN
casino,3,NN
heading,3,VBG
specifications,3,NNS
50,3,CD
hosting,3,VBG
phrasebook,3,NN
waitlist,3,NN
moves,3,NNS
jumping,3,NN
centre,3,NN
claims,3,NNS
beverages,3,NNS
pop-displaying,3,NN
premiums,3,NNS
walkie,3,NN
talkie,3,NN
missions,3,NNS
sleeper,3,NN
consist,3,NN
cryptocurrency,3,NN
passwords,3,NNS
karaoke,3,NN
requirement,3,NN
peoples,3,NNS
gestures,3,NNS
bitcoins,3,NNS
poses,3,NNS
jesus,3,NN
christ,3,NN
fund,3,NN
sheet,3,NN
relations,3,NNS
unlocked,3,JJ
parameter,3,NN
console,3,NN
proxy,3,NN
script,3,NN
attributes,3,NNS
takeaway,3,NN
long,3,RB
toolkit,3,NN
analyzer,3,NN
crime,3,NN
mensuration,3,NN
infections,3,NNS
bacterial,3,NN
replays,3,NNS
notifier,3,NN
poet,3,NN
made,3,VBN
indian,3,JJ
cheerleaders,3,NNS
anti,3,NN
theft,3,NN
commerce,3,NN
leather,3,NN
boots,3,NNS
yellow,3,NN
tattoo,3,NN
employees,3,NNS
teachers,3,NNS
routines,3,NNS
sure,3,NN
verified,3,VBN
refine,3,NN
calamities,3,NNS
paid,3,NN
unloaded,3,JJ
customizing,3,VBG
solver,3,NN
magnification,3,NN
union,3,NN
technologies,3,NNS
resolution,3,NN
agreed,3,VBD
discovering,3,VBG
monsters,3,NNS
occupations,3,NNS
na,3,NNS
babysitter,3,NN
pit,3,NN
improved,3,VBN
blur,3,NN
talktime,3,NN
holdings,3,NNS
mucus,3,NN
followed,3,VBD
belts,3,NNS
element,3,NN
pantry,3,NN
inspiration,3,NN
incomplete,3,NN
rights,3,NNS
pasta,3,NN
dispaly,3,NN
temperatures,3,NNS
covers,3,NNS
tournaments,3,NNS
specialist,3,NN
specialists,3,NNS
visitor,3,NN
pictorial,3,NN
palm,3,NN
moral,3,JJ
chatrooms,3,NNS
fleet,3,NN
say,3,VB
bid,3,NN
lift,3,NN
promote,3,NN
tiles,3,NNS
trainings,3,NNS
loads,3,NNS
accident,3,NN
already,3,RB
beep,3,NN
marked,3,NNS
navigations,3,NNS
prescription,3,NN
going,3,VBG
ski,3,NN
checkin,3,NN
gathering,3,NN
investing,3,VBG
prepaid,3,NN
toll,3,NN
helpful,3,NN
handbook,3,NN
uncheck,3,NN
protect,3,NN
displaced,3,VBN
diets,3,NNS
less,3,RBR
selections,3,NNS
staff,3,NN
spoken,3,NN
finances,3,NNS
laptop,3,NN
major,3,JJ
eclipses,3,NNS
check-out,3,NN
decors,3,NNS
inquires,3,NNS
bottle,3,NN
poem,3,NN
eating,3,VBG
too,3,RB
towns,3,NNS
appeals,3,NNS
enrolling,3,VBG
certain,3,JJ
weekdays,3,NNS
replace,3,VB
competitive,3,JJ
licaton,3,NN
anything,3,NN
holybook,3,NN
employers,3,NNS
expiration,3,NN
holding,3,VBG
explanation,3,NN
sounding,3,VBG
resetting,3,VBG
keywords,3,NNS
liquor,3,NN
loaction,3,NN
tune,3,NN
subtitles,3,NNS
unwanted,3,JJ
yearly,3,RB
broken,3,NN
industries,3,NNS
clicking,3,VBG
writings,3,NNS
avoid,3,NN
laptops,3,NNS
uninstalling,3,VBG
bomb,3,NN
pop-asking,3,NN
arel,3,NN
solution,3,NN
clocks,3,NNS
setter,3,NN
synchronising,3,VBG
eyes,3,NNS
shutdown,3,NN
fight,3,NN
hack,3,NN
statistic,3,JJ
organizers,3,NNS
railways,3,NNS
personnel,3,NNS
winners,3,NNS
colleagues,3,NNS
never,3,RB
miss,3,NN
habits,3,NNS
journals,3,NNS
vote,3,NN
unlocking,3,VBG
customise,3,NN
attack,3,NN
techniques,3,NNS
web-site,3,JJ
ports,3,NNS
famous,3,JJ
glass,3,NN
estimation,3,NN
scary,3,JJ
pokemons,3,NNS
january,3,NN
organize,3,VB
tech,3,NN
disney,3,NN
motor,3,NN
plage,3,NN
greenery,3,NN
accept/deny,3,NN
amazing,3,VBG
computers,3,NNS
joke,3,NN
feelings,3,NNS
failure,3,NN
practicing,3,VBG
attacks,3,NNS
unpaid,3,JJ
relevant,3,NN
restoring,3,VBG
central,3,JJ
applied,3,VBN
debt,3,NN
specify,3,NN
coupan,3,NN
changed,3,VBN
detector,3,NN
district,3,NN
melodies,3,NNS
crew,3,NN
embryo,3,NN
south,3,NN
disturb,3,NN
alternative,3,NN
insurances,3,NNS
marking,3,VBG
handle,3,NN
stopwatch,3,NN
duaas,3,NN
gk,3,NN
plot,3,NN
tracfone,3,NN
occurs,3,NNS
simulation,3,NN
interviews,3,NNS
affirmations,3,NNS
smartphones,3,NNS
rose,3,VBD
upgrades,3,NNS
calculated,3,VBN
parish,3,NN
outgoing,3,VBG
assign,3,NN
instrumental,3,JJ
corner,3,NN
labor,3,NN
danger,3,NN
reasoning,3,VBG
rentals,3,NNS
rewarding,3,VBG
locks,3,NNS
statuses,3,NNS
equation,3,NN
novels,3,NNS
questionnaire,3,NN
buddies,3,NNS
hiding,3,NN
pool,3,NN
decking,3,VBG
roadways,3,NNS
proficiency,3,NN
meditations,3,NNS
deleted,3,VBN
counting,3,NN
chocolate,3,NN
sudoku,3,NN
duplicate,3,NN
subscriber,3,NN
cigarettes,3,NNS
hat,3,NN
hats,3,NNS
to-do,3,NN
iron,3,NN
zap,3,NN
put,3,NN
overtime,3,NN
jeans,3,NNS
solve,3,NN
quests,3,NNS
stage,3,NN
behavioral,3,JJ
exhaust,3,NN
loving,3,VBG
washing,3,VBG
authors,3,NNS
garage,3,NN
vine,3,NN
helps,3,NNS
downtown,3,NN
medium,3,NN
aide,3,NN
improving,3,VBG
budgeting,3,NN
droid,3,NN
chest,3,NN
snowboard,3,NN
baked,3,VBN
chain,3,NN
burger,3,NN
situation,3,NN
airtime,3,NN
laughing,3,VBG
dolphin,3,NN
acknowledgement,3,NN
hr,3,NN
sauce,3,NN
hazard,3,NN
studies,3,NNS
indications,3,NNS
participant,3,NN
checkers,3,NNS
teacher,3,NN
minimum,3,NN
starters,3,NNS
answering,3,VBG
top-up,3,NN
e-comic,3,JJ
hot-spot,3,NN
mnemonics,3,NNS
demand,3,NN
farmers,3,NNS
acknowledging,3,VBG
river,3,NN
connectors,3,NNS
host,3,NN
muslims,3,NNS
legs,3,NNS
adjectives,3,NNS
dismissed,3,VBN
collaboration,3,NN
cardboard,3,NN
dosage,3,NN
folio,3,NN
approval,3,NN
wearable,3,JJ
jpg,3,NN
habit,3,NN
circuit,3,NN
launches,3,NNS
recruiter,3,NN
retail,3,JJ
hottest,3,NN
transcriptions,3,NNS
tnt,3,NN
attach,3,NN
assists,3,NNS
3-d,3,JJ
beers,3,NNS
stuffed,3,NN
guided,3,VBN
saturday,3,NN
resumes,3,NNS
op,3,NN
convertor,3,NN
migraines,3,NNS
excluded,3,VBN
shake,3,NN
retrieve,3,NN
medal,3,NN
mindfulness,3,NN
oils,3,NNS
replay,3,NN
start/stop,3,NN
unanswered,3,JJ
agency,3,NN
grave,3,NN
precautions,3,NNS
diving,3,VBG
chromatic,3,JJ
faxing,3,VBG
suit,3,NN
skate,3,NN
encrypted,3,VBN
gardens,3,NNS
bites,3,NNS
surrey,3,NN
ear,3,NN
mission,3,NN
plethora,3,NNS
felicitation,3,NN
snooze,3,NN
enforcement,3,NN
t,3,NN
outstanding,3,JJ
utilize,3,VB
mailbox,3,NN
fueling,3,VBG
programmes,3,NNS
hiking,3,VBG
accountability,3,NN
performances,3,NNS
behavior,3,NN
survival,3,NN
claus,3,NN
arrest,3,NN
matrimonial,3,NN
senses,3,NNS
telescope,3,NN
consult,3,NN
functioning,3,VBG
legends,3,NNS
pre-order,3,NN
transposer,3,NN
unidentified,3,JJ
handicappers,3,NNS
placement,3,NN
grades,3,NNS
revelation,3,NN
announced,3,VBD
bit,3,NN
localization,3,NN
cellular,3,JJ
battle,3,NN
privileged,3,NN
announcement,3,NN
costume,3,NN
scorecards,3,NNS
crafts,3,NNS
radius,3,NN
trainers,3,NNS
hacked,3,VBN
campaigns,3,NNS
extended,3,VBN
exterior,3,NN
pleasant,3,NN
stuffs,3,NNS
astrologer,3,NN
progressions,3,NNS
eagle,3,NN
shredding,3,VBG
pronunciation,2,NN
pure,2,NN
formatting,2,VBG
ac,2,NN
county,2,NN
mustache,2,NN
difference,2,NN
older,2,JJR
releases,2,NNS
remedies,2,NNS
loves,2,NNS
safely,2,RB
plus,2,CC
figure,2,NN
promises,2,NNS
away,2,RB
winner,2,NN
avail,2,NN
continued,2,JJ
secrets,2,NNS
playstore,2,NN
including,2,VBG
functional,2,JJ
roles,2,NNS
sponsored,2,VBN
loader,2,NN
weighing,2,VBG
meteorological,2,JJ
trend,2,NN
labels,2,NNS
nba,2,NN
spins,2,NNS
catholic,2,NN
earliest,2,JJS
fairs,2,NNS
accounting,2,NN
wrestling,2,NN
boxscore,2,NN
numericals,2,NNS
algorithm,2,NN
cloths,2,NNS
sit-ups,2,NNS
programing,2,VBG
satisfaction,2,NN
sheets,2,NNS
timers,2,NNS
horror,2,NN
amazon,2,NN
designed,2,VBN
cheese,2,NN
rop,2,NN
buffering,2,NN
milk,2,NN
arm,2,NN
reaching,2,VBG
crunches,2,NNS
gambling,2,VBG
fro,2,NN
validate,2,NN
mike,2,NN
jacks,2,NNS
ingredient,2,NN
faculty,2,NN
adopt,2,NN
flat,2,JJ
thirty,2,NN
trust,2,NN
classification,2,NN
suffixes,2,NNS
qualification,2,NN
suffix,2,NN
o,2,NN
hiit,2,NN
cocktail,2,NN
wire,2,NN
earthquakes,2,NNS
crypto,2,NN
panoramic,2,NN
wish-list,2,NN
launchers,2,NNS
0,2,CD
rug,2,NN
am,2,VBP
scholarship,2,NN
planned,2,VBN
sims,2,NNS
classmates,2,NNS
javascript,2,NN
kill,2,NN
pulse,2,NN
outbound,2,NN
europe,2,NN
five,2,CD
saber,2,NN
commercial,2,JJ
fingerprint,2,NN
statements,2,NNS
digitally,2,RB
titled,2,VBN
histories,2,NNS
expire,2,NN
greens,2,NNS
diaper,2,NN
every,2,DT
mention,2,NN
manually,2,RB
sliders,2,NNS
reloading,2,VBG
spend,2,NN
caches,2,NNS
cleared,2,VBN
darkness,2,NN
9,2,CD
webtoons,2,NNS
agree/deny,2,NN
recharges,2,NNS
curtains,2,NNS
roadside,2,NN
restrictions,2,NNS
graphical,2,JJ
abbreviation,2,NN
matched,2,VBN
spell,2,NN
definitions,2,NNS
backups,2,NNS
bigger,2,JJR
reasons,2,NNS
sum,2,NN
venue,2,NN
'm,2,VBP
panels,2,NNS
strategy,2,NN
paintings,2,NNS
secret,2,NN
command,2,NN
town,2,NN
fifth,2,NN
in-app,2,NN
reflections,2,NNS
yums,2,NNS
cheer,2,NN
samples,2,NNS
tape,2,NN
monster,2,NN
functionalities,2,NNS
wan,2,NN
cardio,2,NN
population,2,NN
toons,2,NNS
dreaming,2,VBG
qibla,2,NN
teamwork,2,NN
hiring,2,VBG
edited,2,VBN
conceive,2,NN
creativity,2,NN
tasking,2,VBG
diapason,2,NN
complimentary,2,NN
treat,2,NN
revert,2,NN
bartender,2,NN
placing,2,VBG
soothing,2,VBG
raid,2,NN
orchid,2,NN
mingle,2,NN
dialogue,2,NN
venues,2,NNS
emergencies,2,NNS
listeners,2,NNS
department,2,NN
4,2,CD
serach,2,NN
planing,2,VBG
modifications,2,NNS
expenditure,2,NN
pink,2,NN
fabric,2,NN
lasting,2,VBG
accuracy,2,NN
calibrate,2,NN
informing,2,VBG
debit,2,NN
allow/deny,2,NN
iss,2,NN
applock,2,NN
automation,2,NN
editions,2,NNS
trusted,2,VBN
door,2,NN
distances,2,NNS
carl,2,NN
lategan,2,NN
speeds,2,NNS
stat,2,NN
passenger,2,NN
locking,2,VBG
quake,2,NN
gateways,2,NNS
vitals,2,NNS
zoo,2,NN
wood,2,NN
dat,2,NN
predict,2,NN
drawn,2,NN
owl,2,NN
mutiple,2,NN
arrows,2,NNS
awareness,2,NN
astigmatism,2,NN
e-learning,2,NN
weekday,2,NN
workshops,2,NNS
integrations,2,NNS
wi,2,NN
fi,2,NN
appeared,2,VBD
picking,2,VBG
conduct,2,NN
algorithms,2,NN
outlooks,2,NNS
imported,2,VBN
streamers,2,NNS
broadcasters,2,NNS
applicable,2,JJ
restriction,2,NN
gauge,2,NN
tripit,2,NN
concur,2,NN
certificate,2,NN
reserving,2,VBG
easily,2,RB
early,2,RB
comprehensive,2,NN
hour,2,NN
georgia,2,NN
translators,2,NNS
programme,2,NN
gun,2,NN
backpacks,2,NNS
reality,2,NN
login-in,2,NN
maternity,2,NN
hilt,2,NN
checked,2,NNS
sale/rent,2,NN
exits,2,NNS
highway,2,NN
floor,2,NN
ekg,2,NN
striker,2,NN
inserting,2,VBG
receipe,2,NN
smile,2,NN
poor,2,JJ
dancing,2,VBG
feeling,2,VBG
linux,2,NN
gta,2,NN
analyzing,2,VBG
baby-care,2,NN
decks,2,NNS
submitted,2,VBN
none,2,NN
valentines,2,NNS
utilities,2,NNS
landroid,2,NN
solid,2,JJ
pass-code,2,NN
pnr,2,NN
slept,2,NN
singers,2,NNS
circus,2,NN
notepad,2,NN
licaion,2,NN
defense,2,NN
vibrations,2,NNS
ignore,2,NN
oxygen,2,NN
xbox,2,NN
plays,2,NNS
soap,2,NN
speakers,2,NNS
roads,2,NNS
're,2,VBP
almost,2,RB
bedrooms,2,NNS
real-estate,2,NN
angel,2,NN
utility,2,NN
trick,2,NN
plank,2,NN
loans,2,NNS
pills,2,NNS
popping,2,VBG
seeds,2,NNS
teamdex,2,NN
reviewed,2,VBN
minute,2,NN
crying,2,VBG
side-menu,2,NN
sporting,2,VBG
walls,2,NNS
award,2,NN
pallet,2,NN
examples,2,NNS
properly,2,RB
watch-list,2,NN
potions,2,NNS
grid,2,NN
snoring,2,VBG
lee,2,NN
roaster,2,NN
declarations,2,NNS
coder,2,NN
tops,2,NNS
colouring,2,VBG
coloured,2,VBN
controller,2,NN
eligible,2,JJ
gifting,2,VBG
inner,2,NN
wikipedia,2,NN
matching,2,VBG
keeper,2,NN
steam,2,NN
fairy,2,NN
should,2,MD
bracelet,2,NN
scarf,2,NN
monday,2,NN
skipped,2,VBD
entities,2,NNS
gained,2,VBN
studios,2,NNS
make-up,2,NN
professionals,2,NNS
walmart,2,NN
backing,2,NN
layouts,2,NNS
drudge,2,NN
sura,2,NN
log-in/sign-up,2,NN
slideshows,2,NNS
troubleshooting,2,VBG
permit,2,NN
happiness,2,NN
outlet,2,NN
outlets,2,NNS
spaces,2,NNS
how-to,2,NN
pastas,2,NNS
built,2,NN
sword,2,NN
usb,2,NN
tether,2,NN
chimp,2,NN
socializing,2,VBG
sold,2,VBN
asleep,2,NN
soundscape,2,NN
rage,2,NN
asocial,2,JJ
he,2,PRP
rock,2,NN
faster,2,NN
protecting,2,VBG
rum,2,NN
tagging,2,VBG
govt,2,NN
defaults,2,NNS
santina,2,NN
ford,2,NN
merchants,2,NNS
goalies,2,NNS
updation,2,NN
unbound,2,NN
fiction,2,NN
motorcycle,2,NN
appetizers,2,NNS
nurse,2,NN
wight,2,NN
issued,2,VBN
filtered,2,VBN
dialed,2,VBN
rows,2,NNS
ebay,2,NN
humour,2,NN
dot,2,NN
domains,2,NNS
jungle,2,NN
topup,2,NN
shelf,2,NN
organizing,2,VBG
pinpoint,2,NN
investigations,2,NNS
classifieds,2,NNS
quads,2,NNS
ramadan,2,NN
gratitude,2,NN
brown,2,NN
massages,2,NNS
manicure,2,NN
mechanical,2,JJ
scroll,2,NN
ringing,2,VBG
fajr,2,NN
bids,2,NNS
visible,2,JJ
abdominal,2,JJ
pumping,2,VBG
sigh,2,NN
weekend,2,NN
audiobook,2,NN
shore,2,NN
forever,2,RB
respiratory,2,NN
feel,2,NN
keeping,2,VBG
environmental,2,JJ
quantum,2,NN
geography,2,NN
deed,2,NN
cw,2,NN
conforming,2,VBG
tom,2,NN
childrens,2,NNS
operators,2,NNS
upbringing,2,VBG
accommodations,2,NNS
locality,2,NN
affair,2,NN
wwe,2,NN
prenatal,2,NN
rule,2,NN
solelio,2,NN
shayari,2,NN
inputs,2,NNS
smileys,2,NNS
across,2,IN
thread,2,NN
altitudes,2,NNS
arriving,2,VBG
promos,2,NN
travelled,2,VBN
flutters,2,NNS
injury,2,NN
poll,2,NN
notices,2,NNS
bottom,2,NN
banned,2,VBN
phonebook,2,NN
strike,2,NN
fade,2,NN
1989,2,CD
slow,2,VB
satisfactory,2,NN
interaction,2,NN
leadership,2,NN
scoreboards,2,NNS
nod,2,NN
emi,2,NN
donors,2,NNS
luck,2,NN
cross,2,NN
forex,2,NN
secured,2,VBN
head,2,NN
footage,2,NN
shelter,2,NN
gateway,2,NN
roadway,2,NN
la,2,NN
developments,2,NNS
x-ray,2,NN
versus,2,NN
precious,2,JJ
chemistry,2,NN
numerous,2,JJ
recruit,2,NN
hazmat,2,NN
mediation,2,NN
visite,2,NN
polishes,2,NNS
praise,2,NN
fully,2,RB
logon,2,NN
equalizers,2,NNS
comfort,2,NN
ride-hailing,2,NN
spinner,2,NN
exceptions,2,NNS
pun,2,NN
announcements,2,NNS
antique,2,NN
mirror,2,NN
profession,2,NN
timestamps,2,NNS
widges,2,NNS
expressing,2,VBG
wildlife,2,NN
fantasy,2,NN
surveillance,2,NN
overall,2,JJ
quadriceps,2,NNS
uninstalled,2,JJ
docket,2,NN
court,2,NN
petcare,2,NN
mentioned,2,VBN
encyclopedia,2,NN
developing,2,VBG
trackers,2,NNS
pilot,2,NN
vaccinations,2,NNS
vaccines,2,NNS
add-ons,2,NNS
poetry,2,NN
proposition,2,NN
mastery,2,NN
rearrange,2,NN
cinema,2,NN
tipping,2,VBG
rid,2,JJ
gap,2,NN
affordability,2,NN
equinoxes,2,NNS
vines,2,NNS
uptown,2,JJ
thought,2,NN
paragraphs,2,NN
robin,2,NN
cider,2,NN
regular,2,JJ
matter,2,NN
fancy,2,NN
hobby,2,NN
nursery,2,NN
trump,2,NN
100,2,CD
pie,2,NN
recognition,2,NN
solids,2,NNS
december,2,NN
newspapers,2,NNS
trace,2,NN
chairs,2,NNS
chair,2,NN
7-day,2,JJ
reps,2,NNS
concert,2,NN
driven,2,NN
syncornisation,2,NN
triceps,2,NNS
salads,2,NNS
auction,2,NN
trafficking,2,VBG
combat,2,NN
resend,2,NN
wars,2,NNS
transfering,2,VBG
elapsed,2,VBN
supported,2,VBN
marta,2,NN
robot,2,NN
metrological,2,JJ
diagrammatic,2,JJ
cancer,2,NN
saves,2,NNS
zipcode,2,NN
tp,2,NN
roadhouse,2,NN
canvas,2,NN
movement,2,NN
darts,2,NNS
operational,2,JJ
cloth,2,NN
generation,2,NN
cables,2,NNS
spray,2,NN
appraisal,2,NN
raiders,2,NNS
hershey,2,NN
skeleton,2,NN
jerseys,2,NNS
swimmers,2,NNS
stand,2,NN
color-blindness,2,NN
storms,2,NNS
bot,2,NN
perception,2,NN
whiten,2,NNS
introducing,2,VBG
dialog,2,NN
availabilities,2,NNS
retrieving,2,VBG
rents,2,NNS
alerter,2,NN
postings,2,NNS
subcategory,2,NN
respond,2,NN
spotlight,2,NN
lumbar,2,NN
puncture,2,NN
inspire,2,NN
usa,2,NN
charger,2,NN
surgeries,2,NNS
experiences,2,NNS
bengals,2,NNS
categorized,2,VBN
demonstration,2,NN
west,2,NN
spp,2,NN
champion,2,NN
sinks,2,NNS
module,2,NN
generated,2,VBN
mp4,2,NN
handmade,2,NN
ballon,2,NN
manufacture,2,NN
beg,2,NN
psalm,2,NN
popped,2,NN
carbs,2,NNS
mixtapes,2,NNS
rensta,2,NN
lens,2,NNS
pre-installed,2,JJ
palettes,2,NNS
eaten,2,VB
paly,2,NN
ants,2,NNS
suicide,2,NN
prevention,2,NN
bowl,2,NN
votes,2,NNS
kilometers,2,NNS
specialties,2,NNS
specialities,2,NNS
fanatics,2,NNS
debugging,2,VBG
geographical,2,JJ
tense,2,NN
roundtrip,2,NN
region/language,2,NN
entire,2,JJ
yours,2,NNS
refuel,2,NN
reservations,2,NNS
chasing,2,VBG
published,2,VBN
hood,2,NN
splitting,2,NN
astrological,2,JJ
fore,2,NN
gain,2,NN
progression,2,NN
double,2,RB
trophy,2,NN
psychological,2,JJ
mentioning,2,VBG
deatils,2,NNS
ongoing,2,VBG
hero,2,NN
coping,2,VBG
indians,2,NNS
augment,2,NN
automated,2,VBN
shipments,2,NNS
genius,2,NN
lifts,2,NNS
coursemate,2,NN
diagrams,2,NNS
nfl,2,NN
rack,2,NN
lan,2,NN
punjabi,2,NN
basal,2,NN
mi,2,NN
sonos,2,NNS
essential,2,JJ
helpline,2,NN
e-wallet,2,NN
planetarium,2,NN
dynamic,2,JJ
stretches,2,NNS
intended,2,VBN
carrot,2,NN
devotions,2,NNS
hypoparathyroidism,2,NN
triggers,2,NNS
lose,2,VB
identifier,2,NN
campus,2,NN
improvement,2,NN
synced,2,VBN
cracked,2,VBN
endorsements,2,NNS
thing,2,NN
tuesday,2,NN
worship,2,NN
lego,2,NN
cardiothoracic,2,NN
currents,2,NNS
squats,2,NNS
shoppers,2,NNS
geo-tracker,2,NN
fusion,2,NN
machine,2,NN
ownership,2,NN
childbirth,2,NN
unblock,2,NN
tract,2,NN
consent,2,NN
fair,2,NN
betting,2,VBG
blinders,2,NNS
dail,2,NN
hint,2,NN
magic,2,NN
deck,2,NN
lender,2,NN
transpose,2,NN
bundle,2,NN
insurer,2,NN
mlb,2,NN
tower,2,NN
responsibility,2,NN
pyramid,2,NN
tyres,2,NNS
batteries,2,NNS
handy,2,NN
recruitment,2,NN
notified,2,VBN
norwegian,2,JJ
flute,2,NN
bitcoin,2,NN
sugars,2,NNS
contacted,2,VBN
eta,2,NN
worn,2,NN
cams,2,NNS
pepar,2,NN
publisher,2,NN
alligators,2,NNS
lesbian,2,JJ
bath,2,NN
whatsapp,2,NN
camp,2,NN
fitness/body,2,NN
quays,2,NNS
altimeter,2,NN
pointer,2,NN
endocrine,2,NN
hall,2,NN
fame,2,NN
rugby,2,NN
anniversary,2,NN
multiples,2,NNS
clone,2,NN
lightning,2,VBG
sourcing,2,VBG
textures,2,NNS
interfaces,2,NNS
beat,2,NN
framing,2,VBG
lifetime,2,NN
hub,2,NN
rooting,2,VBG
dna,2,NN
psychic,2,JJ
strangers,2,NNS
occur,2,NN
pyramids,2,NNS
meetings,2,NNS
playtime,2,NN
stater,2,NN
regenerate,2,NN
develop,2,VB
tariff,2,NN
torrent,2,NN
synopsis,2,NN
wishing,2,VBG
freelancing,2,VBG
p,2,NN
franchise,2,NN
urls,2,NNS
art/drawing,2,VBG
donations,2,NNS
advisories,2,NNS
analgesic,2,JJ
cookbook,2,NN
brunch,2,NN
5k,2,CD
runner,2,NN
wins,2,NNS
traffickcam,2,NN
sleepy,2,NN
trivia,2,NN
planetary,2,JJ
victim,2,NN
jingle,2,NN
logic,2,NN
protocol,2,NN
landscapes,2,NNS
examine,2,NN
deers,2,NNS
deer,2,NN
summer,2,NN
scene,2,NN
noodles,2,NNS
mystery,2,NN
patrol,2,NN
cops,2,NNS
nuts,2,NNS
engie,2,NN
owners,2,NNS
indycar,2,NN
newsfeed,2,NN
outlook,2,NN
flirts,2,NNS
maximum,2,NN
western,2,JJ
lies,2,NNS
bicycles,2,NNS
modules,2,NNS
printers,2,NNS
repairing,2,VBG
converted,2,VBN
magnetic,2,JJ
relieving,2,VBG
purposes,2,NNS
talker,2,NN
headset,2,NN
girly,2,RB
hooks,2,NNS
backward,2,NN
fashionistas,2,NNS
coders,2,NNS
sneakers,2,NNS
percipitation,2,NN
meds,2,NNS
invited,2,VBN
walkers,2,NNS
poems,2,NNS
pneumonia,2,NN
oval,2,NN
on-boarding,2,NN
pleuraleffusion,2,NN
compressed,2,VBN
jail,2,NN
clipped,2,NN
liances,2,NNS
bilingual,2,JJ
determining,2,VBG
rv,2,NN
automute,2,NN
forecaste,2,NN
expired,2,VBD
passbook,2,NN
dope,2,NN
sauces,2,NNS
candy,2,NN
crush,2,NN
germany,2,NN
staples,2,NNS
relaunch,2,NN
metra,2,NN
beautiful,2,NN
shoulder,2,NN
certificates,2,NNS
webinar,2,NN
atlas,2,NNS
cluster,2,NN
ghostrank,2,NN
geek,2,NN
paktor,2,NN
war,2,NN
passwallet,2,NN
boys,2,NNS
ornaments,2,NNS
votings,1,NNS
5-digit,1,JJ
u.s.postal,1,JJ
accept/reject,1,NN
repost,1,NN
pants,1,NNS
pant,1,NN
raphael,1,NN
smoothie,1,NN
detox,1,NN
smooth,1,NN
healthcate,1,NN
screenshot-blocking,1,NN
secs,1,NN
steps-wise,1,NN
bolt,1,NN
shoulders,1,NNS
streets,1,NNS
restaurnats,1,NNS
save/share,1,NN
painter,1,NN
commision,1,NN
error/wish,1,JJ
sorts,1,NNS
sweet,1,NN
lover,1,NN
voices,1,NNS
guard,1,NN
animator,1,NN
arithmetic,1,JJ
panera,1,NN
shoppping,1,VBG
furnishing,1,VBG
travelings,1,NNS
illustrations,1,NNS
z,1,NN
tripping,1,VBG
fart,1,NN
lovers,1,NNS
deposits,1,NNS
enterprise,1,NN
dsipalying,1,VBG
affects,1,NNS
reacting,1,VBG
went,1,VBD
spirituality,1,NN
edible,1,JJ
offering,1,NN
lifter,1,NN
compliments,1,NNS
necessities,1,NNS
rotation,1,NN
barrel,1,NN
abashiri,1,NN
lake,1,NN
categorie,1,NN
sad,1,NN
storybook,1,NN
narrating,1,VBG
end-user,1,NN
panda,1,NN
collisions,1,NNS
tend,1,NN
happen,1,VB
viral,1,JJ
shots,1,NNS
bbc,1,NN
seatmap,1,NN
html5,1,NN
convicts,1,NNS
contract,1,NN
economist,1,NN
closings,1,NNS
detains,1,NNS
receivers,1,NNS
sign-out,1,NN
paints,1,NNS
obstacle,1,NN
notifcation,1,NN
portfolios,1,NNS
canceled,1,VBN
declined,1,VBD
psalms,1,NNS
grey,1,NN
mart,1,NN
manuals,1,NNS
delicacy,1,NN
gimmicks,1,NNS
chore,1,NN
identified,1,VBN
pepper,1,NN
relating,1,VBG
opt-out,1,NN
nutritions,1,NNS
won,1,NN
vacant,1,NN
hacks,1,NNS
acquaintance,1,NN
doublers,1,NNS
cookery,1,NN
wines,1,NNS
alcohols,1,NNS
clipping,1,VBG
symabol,1,NN
atmosphere,1,RB
named,1,VBN
windmill,1,NN
nope,1,NN
guy,1,NN
depositing,1,VBG
studied,1,VBN
organized,1,VBN
showroom,1,NN
canact,1,NN
lipgloss,1,NN
incorrection,1,NN
dual,1,JJ
detected,1,VBN
dislikes,1,NNS
teachings,1,NNS
wisdom,1,NN
loser,1,NN
viruses,1,NNS
behaviour,1,NN
organic,1,JJ
tittle,1,NN
passkeys,1,NNS
fullscreen,1,NN
steelers,1,NNS
mocktail,1,NN
schnapps,1,NN
vodka,1,NN
badminton,1,NN
labeled,1,VBN
medscape,1,NN
med,1,VBN
job-search,1,NN
postcode,1,NN
installations,1,NNS
vanilla,1,NN
culinary,1,NN
customer-facing,1,NN
insrtuctions,1,NNS
instructive,1,JJ
keypads,1,NNS
watch-lists,1,NNS
welcomes,1,NNS
bulb,1,NN
tenacity,1,NN
cellulitis,1,NN
returning,1,VBG
farting,1,VBG
pig,1,NN
funding,1,NN
tha,1,NN
previewing,1,VBG
hider,1,NN
plane,1,NN
verfication,1,NN
much,1,JJ
clearing,1,NN
apllications,1,NNS
taxcaster,1,NN
returns,1,NNS
feb,1,NN
furnitures,1,NNS
ballistics,1,NNS
agents,1,NNS
desserts,1,NNS
amines,1,NNS
prints,1,NNS
relaxation/motivation,1,NN
vouch,1,JJ
icici,1,NN
affected,1,JJ
shower,1,NN
assisting,1,VBG
graduation,1,NN
admin,1,NN
infomation,1,NN
playstation,1,NN
released,1,VBN
hyperlinks,1,NNS
shifts,1,NNS
dmg,1,NN
petrified,1,VBN
bounding,1,VBG
vital,1,NN
millage,1,NN
mileages,1,NNS
categorise,1,NN
podcasting,1,VBG
roll,1,NN
favorited,1,VBN
teaches,1,NNS
bardot,1,NN
stability,1,NN
wider,1,NN
mans,1,NNS
stylisation,1,NN
differentiation,1,NN
instalizing,1,VBG
shifting,1,VBG
burgers,1,NNS
peg,1,NN
piercing,1,VBG
mountain,1,NN
aplicaition,1,NN
designation,1,NN
corp,1,NN
exchanges,1,NNS
welcom,1,NN
precode,1,NN
literature,1,NN
usability,1,NN
bookmarking,1,NN
harmony,1,NN
ussd,1,NN
worries,1,NNS
officials,1,NNS
1999,1,CD
equaliser,1,NN
afternoon,1,NN
gigs,1,NNS
hormones,1,NNS
glympse,1,NN
polygons,1,NNS
differ,1,NN
michael,1,NN
kors,1,NNS
large,1,JJ
thorough,1,NN
came,1,VBD
exisodes,1,NNS
mere,1,RB
identifications,1,NNS
dreams,1,NNS
lucid,1,NN
portrait,1,NN
bitmojis,1,NN
broadband,1,NN
household,1,NN
pre-register,1,NN
sofa,1,NN
sfo-cvg,1,NN
proceeding,1,VBG
photoshop,1,NN
crosswords,1,NNS
y,1,NN
deposzip,1,NN
portable,1,JJ
dove,1,NN
defeated,1,VBN
grouping,1,VBG
bartending,1,NN
province,1,NN
recorders,1,NNS
agility,1,NN
chyt,1,NN
'help,1,NN
therapies,1,NNS
syntaxes,1,NNS
syntax,1,NN
belt,1,NN
girt,1,NN
innovation,1,NN
vedio,1,NN
analyses,1,NNS
warranty,1,NN
worldmate,1,NN
traveal,1,NN
discomfort,1,NN
aussie,1,NN
turbo,1,NN
collects,1,NNS
developed,1,NN
licences,1,NNS
assesment,1,NN
+sign,1,NN
writer,1,NN
foundations,1,NNS
os,1,NN
experticity,1,NN
lyrical,1,JJ
meet-up,1,NN
superstore,1,NN
illness,1,NN
blocklist,1,NN
specializations,1,NNS
geriatric,1,NN
corelcad,1,NN
cad,1,NN
occurance,1,NN
versification,1,NN
sportspersons,1,NNS
soups,1,NNS
grooming,1,VBG
sportsperson,1,NN
passion,1,NN
actual,1,JJ
fool,1,NN
pranks,1,NNS
fork,1,NN
cpu,1,NN
alrams,1,NNS
documented,1,VBN
sell/buy,1,NN
automations,1,NNS
raindar,1,NN
uncompromising,1,VBG
simplicity,1,NN
browes,1,NN
headline,1,NN
hare,1,NN
tortoise,1,NN
partial,1,JJ
sitting,1,VBG
nannies,1,NNS
down-loader,1,NN
displyaing,1,VBG
redeemed,1,VBN
planetromeo,1,NN
organisers,1,NNS
synchronizing,1,VBG
exodus,1,NN
therms,1,NNS
analysing,1,VBG
po-up,1,NN
fixes,1,NNS
soundings,1,NNS
engagement,1,NN
bidders,1,NNS
scope,1,NN
tiramisu,1,NN
menstural,1,JJ
re-scan,1,JJ
rescan,1,JJ
ww,1,NN
e-diary,1,JJ
to-do-items,1,NNS
note-taking,1,NN
fastness,1,NN
wishlists,1,NNS
trekking,1,VBG
plug,1,NN
mimi,1,NN
orientation,1,NN
therapeutic,1,JJ
snorelab,1,NN
changelog,1,NN
cancellation,1,NN
variouus,1,NN
aches,1,NNS
metabolic,1,NN
bra,1,NN
cardstar,1,NN
seatguru,1,NN
beeps,1,NNS
avialble,1,JJ
sreen,1,NN
exploration,1,NN
trails,1,NNS
migo,1,NN
flippin,1,NN
fine,1,NN
mintue,1,NN
submission,1,NN
france,1,NN
consisting,1,VBG
usernames,1,NNS
wifimap,1,NN
applicaiton,1,NN
montages,1,NNS
discuss,1,NN
concealed,1,VBN
easier,1,JJR
spa,1,NN
broad,1,JJ
casters,1,NNS
discription,1,NN
horn,1,NN
interactions,1,NNS
calibre,1,NN
caliber,1,NN
take/practice,1,NN
volunteers,1,NNS
incident,1,NN
grounds,1,NNS
courts,1,NNS
e-reading,1,NN
conceiving,1,VBG
initialize,1,VB
drafting,1,VBG
pencils,1,NNS
luke,1,NN
representing,1,VBG
renewable,1,JJ
executive,1,NN
oppurtunities,1,NNS
f.a.q,1,NN
mindful,1,NN
opportunity,1,NN
than,1,IN
25,1,CD
disneyland,1,NN
decrease,1,NN
save/cancel,1,NN
mall,1,NN
inquiries,1,NNS
florida,1,NN
fpn,1,NN
disorder,1,NN
attribution,1,NN
conents,1,NNS
1km,1,CD
xperia,1,NNS
lsit,1,NN
sens,1,NNS
onliine,1,NN
gmt,1,NN
abdomen,1,NNS
windy,1,NN
exists,1,NNS
payable,1,JJ
estimated,1,VBN
regus,1,NN
everyday,1,NN
lit,1,NN
postponed,1,VBN
platinum,1,NN
mask,1,NN
chevrolet,1,NN
minor,1,NN
supplies,1,NNS
fragrances,1,NNS
laser,1,NN
bulletin,1,NN
markdowns,1,NNS
mcpe,1,NN
downs,1,NNS
shwing,1,VBG
recollecting,1,VBG
remarks,1,NNS
lcontacts,1,NNS
hangout,1,NN
stating,1,VBG
soulmate,1,NN
diagnosing,1,VBG
checkup,1,NN
associate,1,NN
arrangement,1,NN
reserved,1,VBN
redirect,1,NN
mobdro,1,NN
tries,1,NNS
stamp,1,NN
percentile,1,NN
share/,1,NN
active/inactive,1,JJ
vertical,1,JJ
ellipses,1,NNS
awards,1,NNS
sit,1,NN
filtration,1,NN
ion,1,NN
summaries,1,NNS
stack,1,NN
anti-theft,1,NN
prevent,1,NN
conflict,1,NN
advantage,1,NN
cognitive,1,NN
intimation,1,NN
download/purchase,1,NN
intermediate,1,NN
excercise,1,NN
smiles,1,NNS
developers,1,NNS
3333333,1,CD
ender,1,NN
lotto,1,NN
enrollments,1,NNS
'abacus,1,NN
abacus,1,NN
limitation,1,NN
her,1,PRP$
rent/buy,1,NN
converstation,1,NN
transcriber,1,NN
masks,1,NNS
apparels,1,NNS
heathcare,1,NN
gets,1,VBZ
16,1,CD
xp,1,NN
optical,1,JJ
opinions,1,NNS
help/info,1,NN
cautions,1,NNS
flats,1,NNS
scenes,1,NNS
loud,1,NN
languag,1,NN
guile,1,NN
mistakes,1,NNS
apn,1,NN
loosing,1,VBG
linkedin,1,NN
recieters,1,NNS
gamers,1,NNS
clown,1,NN
redstone,1,NN
interviewers,1,NNS
barbie,1,NN
shadow,1,NN
balances,1,NNS
john,1,NN
smith,1,NN
kindle,1,VB
selctions,1,NNS
bod,1,NN
vechicle,1,NN
countdowns,1,NNS
gallerias,1,NN
hanging,1,VBG
supper,1,NN
edit/add,1,NN
classified,1,VBN
dexter,1,NN
toolbar,1,NN
textarea,1,NN
growls,1,NN
dragonite,1,NN
tutor,1,NN
lives,1,NNS
whislist,1,NN
wish-lists,1,NNS
expiring,1,VBG
aggregator,1,NN
dimensional,1,NN
squared,1,VBN
pizzas,1,NN
overlays,1,NNS
10th,1,NNS
checkups,1,NNS
scheduler,1,NN
creat,1,NN
spectrum,1,NN
timezone,1,NN
clue,1,NN
calendar.xx,1,NN
jc,1,NN
penny,1,NN
doppler,1,NN
weatherrate,1,NN
cthulhoid,1,NN
th,1,NN
ication,1,NN
weddings,1,NNS
floods,1,NNS
spotlists,1,NNS
sportlists,1,NNS
insert,1,NN
hymn,1,NN
arrival/departures,1,NNS
pumps,1,NNS
takeaways,1,NNS
evening,1,VBG
degrees,1,NNS
radians,1,NNS
pop-alert,1,NN
dangerous,1,JJ
inactivate,1,NN
referrals,1,NNS
neighbourhood,1,NN
on-demand,1,NN
freeze,1,NN
snorer,1,NN
benefit,1,NN
edit/scan,1,JJ
multiplication,1,NN
memorizer,1,NN
matters,1,NNS
fabulous,1,JJ
departmental,1,NN
turned,1,VBD
merchandise,1,NN
firearms,1,NNS
compiler,1,NN
sunrise,1,NN
sunset,1,NN
jeep,1,NN
setters,1,NNS
comic-book,1,NN
e-comics,1,NNS
organizations,1,NNS
hunt,1,NN
equilizer,1,NN
animating,1,VBG
artifacts,1,NNS
quickly,1,RB
uncoloured,1,JJ
vice,1,NN
unistallation,1,NN
uninstall,1,NN
agrement,1,NN
co,1,NN
ophthal,1,NN
'options,1,NNS
brief,1,NN
anticipation,1,NN
298,1,CD
till,1,NN
stress-free,1,JJ
disk,1,NN
dock,1,NN
e-sports,1,NNS
eventshigh,1,NN
biography,1,NN
trigger,1,NN
bulk,1,NN
arial,1,JJ
installments,1,NNS
logpage,1,NN
european,1,JJ
rout,1,NN
adress,1,NN
promotional,1,JJ
redeemtion,1,NN
bureau,1,NN
attached,1,VBN
closest,1,NN
closets,1,NNS
theme/font,1,NN
wayfinding,1,VBG
instructor,1,NN
lebanese,1,JJ
follows,1,VBZ
sopping,1,VBG
avenues,1,NNS
bar-tending,1,NN
cleanings,1,NNS
engines,1,NNS
decorative,1,NN
applicaion,1,NN
preorders,1,NNS
offices,1,NNS
kardia,1,NN
trendings,1,NNS
fighters,1,NNS
in/up,1,NN
timelapse,1,NN
optiions,1,NNS
territories,1,NNS
restart,1,NN
remider,1,NN
drives,1,NNS
organisations,1,NNS
cyclebeads,1,NNS
book/cancel,1,NN
cancelling,1,VBG
kpop,1,NN
movers,1,NNS
taza,1,NN
learing,1,VBG
galaxy,1,NN
popups,1,NNS
nose,1,RB
scottrade,1,NN
powerschool,1,NN
reserve-it,1,NN
conferences,1,NNS
grammars,1,NNS
planetomeo,1,NN
researching,1,VBG
breathalyzer,1,NN
discrimination,1,NN
specification,1,NN
hands,1,NNS
laundry,1,NN
detergent,1,NN
intercourse,1,NN
switches,1,NNS
wrapping,1,VBG
axiom,1,NN
surviving,1,VBG
blade,1,NN
sharpness,1,NN
magnitude,1,NN
appendix,1,NN
levelizer,1,NN
cervix,1,NN
stickman,1,NN
fall,1,NN
classical,1,JJ
wearing,1,VBG
locators,1,NNS
sphere,1,RB
dispaling,1,VBG
=like,1,NN
edits,1,NNS
friendly,1,RB
current/add,1,NN
pushups,1,NNS
g,1,NN
bundles,1,NNS
le,1,NN
slices,1,NNS
awakening,1,VBG
bi,1,NN
guys,1,NNS
2011,1,CD
2014,1,CD
lots,1,NNS
paypal,1,NN
roam,1,NN
they,1,PRP
shall,1,MD
scout,1,NN
ankidroid,1,NN
earing,1,VBG
chase,1,NN
reads,1,NNS
advising,1,VBG
jewel,1,NN
osco,1,NN
asset,1,NN
onto,1,IN
151-proof,1,JJ
alochol,1,NN
alcoholic,1,JJ
on-screen,1,JJ
logarithmic,1,JJ
calc,1,NN
alphabetic,1,JJ
aa,1,NN
big,1,JJ
inform,1,NN
inbound,1,NN
bussiness,1,NN
mtb,1,NN
sliding,1,VBG
send/copy,1,NN
aba,1,NN
usd/eur,1,NN
tolens,1,NNS
resource,1,NN
vin,1,NN
summery,1,NN
e-payment,1,NN
touchdown,1,NN
hole,1,NN
metric,1,JJ
14th,1,NNS
lgbtq,1,NN
likemeter,1,NN
headings,1,NNS
departing,1,VBG
toady,1,NN
nifty,1,NN
derivatives,1,NNS
were,1,VBD
junior,1,NN
mba,1,NN
texas,1,NN
thv,1,NN
htx,1,NN
occasions,1,NNS
mayo,1,NN
duas,1,NN
gameing,1,VBG
skils,1,NNS
serial,1,JJ
iphones,1,NNS
breadcrumbs,1,NNS
sms/notification,1,NN
mechanic,1,NN
amusing,1,VBG
bald,1,NN
verbs/forms,1,NNS
domain,1,NN
warn,1,NN
exceeds,1,NNS
footwears,1,NNS
timed,1,VBN
mehndi,1,NN
compact,1,NN
lightin,1,NN
psych,1,NN
celebrating,1,VBG
egw,1,NN
intense,1,NN
divorced,1,VBN
tor,1,NN
atl,1,NN
match-up,1,NN
latitudes,1,NNS
longitudes,1,NNS
crystal,1,NN
bub,1,NN
safest,1,NN
welome,1,NN
herb,1,NN
reuters,1,NNS
automotion,1,NN
uk,1,NN
poke,1,NN
mons,1,NNS
ur,1,NN
practises,1,NNS
chicago,1,NN
bunny,1,NN
ovia,1,NN
inches,1,NNS
cosmetic,1,JJ
application..,1,NN
eraser,1,NN
third,1,JJ
pixel,1,NN
copying,1,NN
aplication,1,NN
spare,1,NN
mcmaster,1,NN
carr,1,NN
appreciations,1,NNS
overlay,1,NN
was,1,VBD
smartwatch,1,NN
tacker,1,NN
un,1,NN
bound,1,NN
magician,1,NN
ultimate,1,JJ
liston,1,NN
bidding,1,NN
socialapp,1,NN
contries,1,NNS
assemble,1,JJ
retake,1,NN
rememeber,1,NN
sixth,1,NNS
fiverr,1,NN
whom,1,WP
s-m-s,1,NN
evolve,1,NN
evolvesms,1,NNS
unlike,1,IN
optoelectronic,1,JJ
bellow,1,NN
genders,1,NNS
reign,1,NN
supermen,1,NNS
evaluator,1,NN
transction,1,NN
mbti,1,NN
japan,1,NN
russia,1,NN
lagged,1,VBN
alternatives,1,NNS
states/area,1,NN
retrieval,1,NN
deliveroo,1,NN
latino,1,NN
retrying,1,VBG
begging,1,VBG
bakery,1,NN
seed,1,NN
e-reader,1,NN
context,1,NN
facade,1,NN
weight-management,1,NN
coaching,1,VBG
infor,1,NN
excess,1,NN
manger,1,NN
dials,1,NNS
mustaches,1,NNS
cravings,1,NNS
invocations,1,NNS
projection,1,NN
cap,1,NN
city/state,1,NN
growing,1,VBG
nights,1,NNS
raw,1,NN
seached,1,VBN
oneself,1,NN
polishs,1,NN
stomach,1,NN
seismic,1,JJ
solellio,1,NN
automobiles,1,NNS
springblade,1,NN
standards,1,NNS
maximize,1,VB
curve,1,NN
luggage,1,NN
dislike,1,NN
glimmers,1,NNS
retirement,1,NN
differentiate,1,NN
reloads,1,NNS
paw,1,NN
infoamtion,1,NN
suggest,1,NN
scripting,1,VBG
causing,1,VBG
sponsor,1,NN
wage,1,NN
commenting,1,VBG
fed,1,NN
ex,1,NN
storefronts,1,NNS
kick,1,NN
kicking,1,VBG
puppys,1,NN
scocial,1,JJ
plugshare,1,NN
rattle,1,NN
informed,1,VBN
guitars,1,NNS
marie,1,NN
movements,1,NNS
noted,1,VBN
up/in,1,NN
plickers,1,NNS
boat,1,NN
expenditures,1,NNS
cooker,1,NN
intuitive,1,JJ
stargazing,1,VBG
prelude,1,NN
telos,1,NN
spells,1,NNS
threshold,1,NN
customs,1,NNS
boycott,1,NN
labour,1,NN
reshapes,1,NNS
spirit,1,NN
nightly,1,RB
name/email,1,NN
may,1,MD
notifies,1,NNS
lockers,1,NNS
preparedness,1,NN
assist,1,NN
responders,1,NNS
mute,1,NN
aptitude,1,NN
posing,1,VBG
occasional,1,JJ
superior,1,JJ
mc,1,NN
donald,1,NN
butter,1,NN
donkey,1,NN
celebration,1,NN
summarizing,1,VBG
tradings,1,NNS
profits,1,NNS
percent,1,NN
mile,1,NN
placed,1,VBN
formula,1,NN
proof,1,NN
ids,1,NNS
complement,1,NN
amphibians,1,NNS
elearning,1,VBG
follower,1,NN
pick-up,1,NN
drop-off,1,NN
interact,1,NN
telecommunications,1,NNS
displage,1,NN
hardwares,1,NNS
ace,1,NN
exiting,1,VBG
distributor,1,NN
intelligence,1,NN
substance,1,NN
wheat,1,NN
discoveries,1,NNS
ovuview,1,NN
cctv,1,NN
usable,1,JJ
delay,1,NN
candies,1,NNS
cm,1,NN
reaction,1,NN
localities,1,NNS
-directory,1,NN
u.s,1,NN
leady,1,NN
clothe,1,NN
dj,1,NN
pathfinder,1,NN
swim,1,NN
suits,1,NNS
shareable,1,JJ
meegenius,1,NN
saloon,1,NN
slideshare,1,NN
black-list,1,NN
add/delete,1,NN
meetup,1,NN
flights/hotel,1,NN
studentuniverse,1,NN
mr,1,NN
rocco,1,NN
booklist,1,NN
upptalk,1,NN
takings,1,NNS
foodiest,1,NN
cleaner,1,NN
deal-sharing,1,NN
band,1,NN
responder,1,NN
blurry,1,NN
symptons,1,NNS
neighborhoods,1,NNS
karma,1,NN
max,1,NN
drivewyze,1,NN
preclear,1,NN
deletion,1,NN
invisible,1,JJ
browsing/learning,1,NN
presented,1,VBN
keepers,1,NNS
nailpolish,1,JJ
puck,1,NN
shining,1,VBG
lord,1,NN
holi,1,NN
instuctions,1,NNS
soundtracks,1,NNS
gumtree,1,NN
ts,1,NN
uber,1,NN
moton,1,NN
enjoying,1,VBG
universe,1,NN
slip,1,NN
reminds,1,NNS
hearings,1,NNS
cupcakes,1,NNS
medial,1,NN
cancale,1,NN
adwords,1,NNS
glenn,1,NN
dad,1,NN
british,1,JJ
council,1,NN
famm,1,NN
bread,1,NN
tracing,1,VBG
welocome,1,NN
untitled,1,JJ
regrann,1,NN
mort,1,NN
verzion,1,NN
auto-fill,1,NN
estimates,1,NNS
bestsellers,1,NNS
messsages,1,NNS
lowest,1,JJS
odometer,1,NN
slowest,1,NN
e-booking,1,NN
enquiries,1,NNS
capital,1,NN
raising,1,VBG
caretaker,1,NN
guideliness,1,NN
smoked,1,VBN
blueprint,1,NN
og,1,NN
activated,1,VBN
infected,1,VBN
medals,1,NNS
breeds,1,NNS
effecting,1,VBG
dp,1,NN
seraching,1,VBG
aoolication,1,NN
verbal,1,NN
difficulties,1,NNS
waterfall,1,NN
scrapbook,1,NN
refers,1,NNS
todo,1,NN
tux,1,NN
hash,1,NN
june,1,NN
hacker,1,NN
waypoint,1,NN
nav,1,NN
boats,1,NNS
heavy,1,JJ
storing,1,VBG
prophet,1,NN
surah,1,NN
islam,1,NN
couch,1,NN
fashions,1,NNS
bird-call,1,NN
festivals,1,NNS
baground,1,NN
trimesters,1,NNS
algebraic,1,NN
paiting,1,VBG
delas,1,NNS
rangoli,1,NN
alphabetically,1,RB
thumb,1,NN
careerjet,1,NN
brokers,1,NNS
one-time,1,NN
difficulty,1,NN
damaged,1,VBN
sitcom,1,NN
simpsons,1,NNS
flying,1,VBG
trip-planner,1,NN
vaccination,1,NN
decorate,1,NN
landmarks,1,NNS
projected,1,VBN
check-on,1,NN
acknowledge,1,NN
disclosure,1,NN
joyce,1,NN
meyer,1,NN
tajweed,1,NN
ilcation,1,NN
politesse,1,NN
forwarding,1,VBG
caps,1,NNS
trainee,1,NN
solstices,1,NNS
solstice,1,NN
solistices,1,NNS
seo,1,NN
langauge,1,NN
health/fitness,1,NN
storages,1,NNS
similar,1,JJ
pays,1,NNS
noel,1,NN
streamed,1,VBD
throught,1,NN
introduced,1,VBN
food/restaurants,1,NNS
plantnet,1,NN
register/sign,1,NN
juices,1,NNS
mapped,1,NNS
appartments,1,NNS
falling,1,VBG
forks,1,NNS
whitelist,1,NN
naviagtion,1,NN
patch,1,NN
called,1,VBN
cads,1,NNS
marts,1,NNS
bt,1,NN
terrace,1,NN
dallas,1,NNS
cowboys,1,NNS
payed,1,NN
diaplying,1,VBG
refill,1,NN
followings,1,NNS
benefited,1,VBN
even,1,RB
moive,1,NN
reactivate,1,NN
redemption,1,NN
president,1,NN
synchronise,1,NN
psecu,1,NN
unavailability,1,NN
vidoes,1,NNS
jumaah,1,NN
auditory,1,NN
plotting,1,VBG
heat,1,NN
firing,1,VBG
befits,1,NNS
microbial,1,NN
lease,1,NN
healthier,1,NN
horseshoe,1,NN
approximate,1,NN
hayward,1,NN
representative,1,NN
compressions,1,NNS
displayinginformation,1,NN
muffins,1,NNS
shiftcodes,1,NNS
necklace,1,NN
enthusiasts,1,NNS
confiramation,1,NN
armchairs,1,NNS
thermostats,1,NNS
ideal,1,NN
trivago,1,NN
highlight,1,NN
backup/restore,1,NN
visibility,1,NN
newsletter,1,NN
organs,1,NNS
16th,1,CD
aerobic,1,NN
weider,1,NN
aerobics,1,NNS
gam,1,NN
chamomile,1,NN
comic/image,1,NN
cutie,1,NN
workshop,1,NN
jazz,1,NN
learning/study,1,NN
wheelers,1,NNS
temparechar,1,NN
wakies,1,NNS
multipurpose,1,NN
instaweather,1,NN
hight,1,NN
e-card,1,NN
creams,1,NNS
launched,1,VBN
determines,1,NNS
conception,1,NN
ranks,1,NNS
emirates,1,NNS
sailors,1,NNS
x,1,NN
ray,1,NN
videoclips,1,NNS
entrees,1,NNS
directing,1,VBG
aquarius,1,NN
mobil,1,NN
intruments,1,NNS
crops,1,NNS
polybot,1,NN
capsule,1,NN
foodspot,1,NN
tiimer,1,NN
self-help,1,NN
instructure,1,NN
dedication,1,NN
wooden,1,NN
involved,1,VBN
ablums,1,NNS
kaave,1,VB
fortress,1,NN
lolsumo,1,NN
aircraft,1,NN
fashion/style,1,NN
futures,1,NNS
self-guided,1,JJ
reduce,1,VB
pat,1,NN
russian,1,JJ
contexts,1,NN
travellors,1,NNS
contestant,1,NN
pull-ups,1,NNS
null,1,NN
standarad,1,NN
hypnotherapy,1,NN
hypnotizing,1,VBG
hypnotising,1,VBG
todays,1,NNS
gather,1,NN
fly,1,NN
acted,1,VBN
intimacy,1,NN
ending,1,VBG
barometric,1,NN
infinity,1,NN
resting,1,VBG
alfredo,1,NN
restuarant,1,NN
confirmed,1,VBN
lrf,1,NN
cricitch,1,NN
storytelling,1,VBG
flowchart,1,NN
kitty,1,NN
informs,1,NNS
tattooing,1,VBG
servics,1,NNS
highly,1,RB
rated,1,VBN
detroit,1,NN
emptylist,1,NN
stickering,1,VBG
mandatory,1,NN
gynecological,1,JJ
instrucutions,1,NNS
7:00,1,CD
coyote,1,NN
indication,1,NN
softwares,1,NNS
wsdot,1,NN
fidelity,1,NN
indonesia,1,NN
carrick,1,NN
bend,1,NN
sequential,1,JJ
in/register,1,NN
videoplayer,1,NN
seattle,1,NN
crazy,1,NN
instantly,1,RB
skateboarding,1,VBG
viz,1,NN
metaphysical,1,JJ
elaboration,1,NN
medicare,1,NN
ina,1,NN
renovation,1,NN
filght,1,NN
anoffer,1,NN
flavors,1,NNS
resposting,1,VBG
understand,1,NN
applicant,1,NN
ar,1,NN
presentation,1,NN
no-contract,1,JJ
resgister,1,NN
lybrate,1,NN
deta,1,NN
line-ups,1,NNS
obtained,1,VBN
printed,1,VBN
consolidation,1,NN
toasty,1,NN
veetle,1,NN
finaincial,1,JJ
grabber,1,NN
connectbot,1,NN
ai,1,NN
jazeera,1,NN
sketching,1,VBG
sketc,1,NN
scooter,1,NN
personals,1,NNS
instapaper,1,NN
simulations,1,NNS
ship,1,NN
feathers,1,NNS
legend,1,NN
relief,1,NN
canceling,1,VBG
calculus,1,NN
spokespeople,1,NN
disconnect,1,NN
jewelries,1,NNS
hersheypark,1,NN
balloons,1,NNS
movie/tv,1,NN
solved,1,VBN
indicators,1,NNS
socialising,1,VBG
conditons,1,NNS
shaving,1,VBG
springblades,1,NNS
measurments,1,NNS
hastags,1,NNS
animes,1,NNS
manga,1,NN
tempo,1,NN
loaning,1,VBG
backs,1,NNS
inspection,1,NN
playground,1,NN
controlled,1,VBN
braking,1,VBG
telephony,1,NN
kestrel,1,NN
shoppimg,1,NN
emoticon,1,NN
watermark,1,NN
middle,1,NN
merry,1,NN
homa,1,NN
betfair,1,NN
haunting,1,VBG
reserver,1,NN
tales,1,NNS
textbook,1,NN
asia,1,NN
ist,1,NN
manages,1,NNS
motivity,1,NN
dowloaded,1,VBN
centres,1,NNS
complex,1,JJ
redeeming,1,VBG
excel,1,NN
reviewing,1,VBG
dimension,1,NN
titans,1,NNS
fuelman,1,NN
protein,1,NN
rice,1,NN
led,1,VBN
nyc,1,NN
pulsepoint,1,NN
upp,1,NN
tarvel,1,NN
debug,1,NN
correcting,1,VBG
appearances,1,NNS
bargains,1,NNS
duck,1,NN
dermatologist,1,NN
clouds,1,NNS
errot,1,NN
application=-,1,NN
po,1,NN
environment,1,NN
foodie,1,NN
tasty,1,NN
alaram,1,NN
annoying,1,VBG
shutup,1,NN
higher,1,JJR
hud,1,NN
dolls,1,NNS
webseries,1,NNS
standing,1,VBG
terms/policies,1,NNS
dialogs,1,NNS
yandex,1,NN
dashdroid,1,NN
dec,1,NN
28,1,CD
1998,1,CD
alram,1,NN
blance,1,NN
in-store,1,NN
telecasting,1,VBG
prferences,1,NNS
stones,1,NNS
browsed,1,VBN
workers,1,NNS
positively,1,RB
impact,1,NN
overcome,1,NN
fear,1,NN
rss,1,NN
intrusive,1,JJ
acceptable,1,JJ
inside,1,IN
allyy,1,NN
researches,1,NNS
pump,1,NN
limited,1,JJ
im,1,NN
commit,1,NN
workout-log,1,NN
srat,1,NN
cardholder,1,NN
remain:3,1,NN
reducing,1,VBG
tems,1,NNS
conversions,1,NNS
musclegroups,1,NNS
import/create,1,NN
comparision,1,NN
competitors,1,NNS
competitor,1,NN
publishers,1,NNS
visites,1,NNS
aylesbury,1,NN
browers,1,NNS
mumbai,1,NN
qa,1,NN
proteins,1,NNS
remotely,1,RB
valentine,1,NN
vacancy,1,NN
phonics,1,NNS
sight,1,NN
soudcloud,1,NN
livescore,1,NN
typed,1,NNS
conatcts,1,NNS
midfielder,1,NN
tasseography,1,NN
talk2,1,NN
u,1,NN
v1,1,NN
buffalo,1,NN
humans,1,NNS
junctions,1,NNS
trac,1,NN
bacon,1,NN
emulated,1,VBN
fishmarx,1,NN
licensee,1,NN
doc,1,NN
1003,1,CD
explain,1,NN
forearm,1,NN
brains,1,NNS
login/sign,1,NN
coutry,1,NN
lifting,1,VBG
flag,1,NN
easytek,1,NN
trips/,1,NN
multi-faced,1,JJ
raters,1,NNS
heartland,1,NN
picker,1,NN
signboard,1,NN
kstp,1,NN
reds,1,NNS
enjoy,1,NN
enrich,1,NN
coda,1,NN
sedan,1,NN
featued,1,VBN
kingroot,1,NN
counties,1,NNS
status/number,1,NN
classting,1,VBG
so,1,RB
freaking,1,VBG
realestate,1,NN
vechile,1,NN
visualize,1,NN
trovit,1,NN
stone,1,NN
row52,1,NN
insomnia,1,NN
underground,1,NN
representation,1,NN
pop-option,1,NN
obtaining,1,VBG
surfers,1,NNS
expires,1,NNS
san-mco,1,NN
informational,1,JJ
pop-showing,1,NN
high-quality,1,NN
smiling,1,VBG
statics,1,NNS
confidential,1,NN
tions,1,NNS
credentail,1,NN
drag,1,NN
manufacturing,1,NN
leading,1,VBG
strong,1,JJ
november,1,NN
1988,1,CD
tarot,1,NN
teller,1,NN
external,1,JJ
villas,1,NNS
prosper,1,NN
approve,1,VB
currently,1,RB
processing,1,NN
prompts,1,NNS
pay/request,1,NN
e-cart,1,NN
maverick,1,NN
ache,1,NN
applictions,1,NNS
abdominals,1,NNS
ecg,1,NN
causes,1,NNS
irregular,1,NN
sermons,1,NNS
liquids,1,NNS
accurate,1,NN
families,1,NNS
mechanics,1,NNS
telecast,1,NN
protects,1,NNS
vector,1,NN
obstetrics,1,NNS
pediatric,1,NN
suv,1,NN
9gag,1,CD
wide,1,JJ
faced,1,VBN
enjoyment,1,NN
planks,1,NNS
fifa,1,NN
clever,1,NN
perk,1,NN
dollar,1,NN
temp,1,NN
selector,1,NN
misc,1,NN
swings,1,NNS
mesurational,1,NN
cancle,1,NN
disc,1,NN
speedometers,1,NNS
evens,1,NNS
described,1,NN
sunshine,1,NN
nodes,1,NNS
bogo,1,NN
transcription,1,NN
optimization,1,NN
optimise,1,NN
"1,2,3,4",1,CD
quitnow,1,NN
taurus,1,NN
achievers,1,NNS
media/tv,1,NN
riders,1,NNS
couponsin,1,NN
coupans,1,NNS
closet,1,NN
importance,1,NN
toddlers,1,NNS
gallary,1,JJ
remembering,1,VBG
selectinging,1,VBG
blaze,1,NN
e-counselling,1,NN
ibm,1,NN
wanted,1,VBD
principles,1,NNS
propositions,1,NNS
joints,1,NNS
spotting,1,VBG
sams,1,NNS
biker,1,NN
gynecologist,1,NN
dub,1,NN
hip,1,NN
hop,1,NN
modified,1,VBN
land,1,NN
million,1,CD
mydol,1,NN
devotion,1,NN
bringing,1,VBG
pnc,1,NN
investor,1,NN
harmonization,1,NN
fixed,1,VBN
restricting,1,VBG
repetitions,1,NNS
texans,1,NNS
tumor,1,NN
wakie,1,NN
ruth,1,NN
tamil,1,NN
dialpad,1,NN
pholar,1,NN
oa,1,NN
wrap,1,NN
transportations,1,NNS
carista,1,NN
straight,1,NN
sailgrib,1,NN
nike,1,NN
attraction,1,NN
braid,1,NN
hairstyles,1,NNS
hooked,1,NNS
/log,1,NN
opp,1,NN
counts,1,NNS
endoscopy,1,NN
neon,1,NN
combating,1,VBG
hubby,1,NN
compay,1,NN
boxs,1,NN
whining,1,VBG
teams/sports/players,1,NNS
part-3,1,NN
undercover,1,NN
journalism,1,NN
distinct,1,NN
archetype,1,NN
arch,1,NN
agencies,1,NNS
liatle,1,NN
ratio,1,NN
min,1,NN
hobnob,1,NN
seconds,1,NNS
cardio-thoracic,1,NN
mensurational,1,NN
leader-board,1,NN
holly,1,RB
kfc,1,NN
liverpool,1,NN
omg,1,NN
chrome,1,NN
agricultural,1,JJ
tri,1,NN
qualities,1,NNS
deals/,1,NN
blogger,1,NN
builders,1,NNS
barber,1,NN
divisions,1,NNS
tourney,1,NN
arms,1,NNS
wrists,1,NNS
elevate,1,NN
zany,1,NN
vaccine,1,NN
telecommunication,1,NN
pal,1,NN
passwod,1,NN
pappy,1,JJ
hog,1,NN
lourens,1,NNS
change/select,1,NN
pelvic,1,NN
ares,1,NNS
walkman,1,NN
adjuster,1,NN
flirting,1,VBG
recipies,1,NNS
collaborating,1,VBG
plate,1,NN
statewide,1,NN
bud,1,NN
shopmium,1,NN
preserving,1,VBG
coursemates,1,NNS
mates,1,NNS
whishlist,1,NN
minigames,1,NNS
clause,1,NN
multi-platform,1,NN
sigle,1,NN
atms,1,NN
pin-code,1,NN
shackbury,1,NN
reciting,1,VBG
pretty,1,RB
recepie,1,NN
cherry,1,NN
evolud,1,NN
electrical,1,JJ
circuits,1,NNS
subscribing,1,VBG
travek,1,NN
photographs,1,NN
triple,1,NN
towers,1,NNS
ultra,1,JJ
arlington,1,NN
nation,1,NN
amy,1,NN
lawn,1,NN
webmoney,1,NN
balancing,1,VBG
amusement,1,NN
creations,1,NNS
elephant,1,NN
muslin,1,NN
everyone,1,NN
glassy,1,NN
speedcam,1,NN
memorials,1,NNS
breaths,1,NNS
sightseeing,1,VBG
scuba,1,NN
beginnings,1,NNS
iconcierge,1,NN
bollywood,1,NN
deploy,1,NN
waist,1,NN
encrption,1,NN
decryption,1,NN
cheeses,1,NNS
ultrasound,1,NN
informatory,1,NN
waning,1,VBG
gibbous,1,JJ
cyclists,1,NNS
co-person,1,NN
mapp,1,NN
newbies,1,NNS
lightings,1,NNS
differences,1,NNS
luxury,1,NN
suites,1,NNS
memo,1,NN
genie,1,NN
suicides,1,NNS
televisions,1,NNS
finishing,1,VBG
equally,1,RB
snowboarders,1,NNS
australia,1,NNS
news/video,1,NN
chances,1,NNS
testaments,1,NNS
gospels,1,NNS
weighings,1,NNS
soar,1,VB
advise,1,NN
barrons,1,NNS
barron,1,NN
singer,1,NN
fowl,1,NN
accumulation,1,NN
resume/pause,1,NN
streamer,1,NN
whos,1,NN
in/out,1,NN
imaging,1,VBG
gino,1,NN
rocks,1,NNS
call/text,1,NN
modelling,1,VBG
little,1,JJ
singapore,1,NN
malacca,1,NN
suicidal,1,NN
behavioural,1,JJ
downlead,1,NN
bucket,1,NN
loose,1,JJ
skies,1,NNS
walker,1,NN
solo,1,NN
scorer,1,NN
polaris,1,NN
skincare,1,NN
wealth,1,NN
estimator,1,NN
individuals,1,NNS
equifax,1,NN
/sign,1,NN
50th,1,JJ
niv,1,NN
second-hand,1,NN
11,1,CD
id/mpin,1,NN
fiance,1,NN
thermometers,1,NNS
lfp,1,NN
skyview,1,NN
backboard,1,NN
pivots,1,NNS
animate,1,NN
editted,1,VBN
biodiversity,1,NN
transformer,1,NN
cold,1,NN
categories/sizes,1,NNS
built-in,1,NN
passing,1,NN
sportsmate,1,NN
salesforce,1,NN
authority,1,NN
hope,1,NN
answer/decline,1,NN
protected,1,VBN
kundli,1,NN
appl,1,NN
coffees,1,NNS
register/log,1,NN
lighting,1,VBG
thunderstorm,1,NN
appilication,1,NN
secondary,1,JJ
opponents,1,NNS
gaining,1,VBG
2d,1,CD
braced,1,VBN
unnecessary,1,JJ
ironman,1,NN
attract,1,NN
potion,1,NN
magma,1,NN
nightmode,1,NN
dim,1,NN
whoops,1,NNS
mutipel,1,NN
inexpensive,1,JJ
ad-free,1,JJ
discard,1,NN
sig,1,NN
upper,1,JJ
ont,1,NN
sac,1,NN
hitting,1,VBG
belong,1,NN
re-enter,1,NN
mvelopes,1,NNS
foot,1,NN
passed,1,VBN
residence,1,NN
buzzing,1,NN
locates,1,NNS
contraception,1,NN
greek,1,NN
spinning,1,VBG
accept/cancel,1,NN
grace,1,NN
drafted,1,VBN
effortlessly,1,RB
rachel,1,NN
hi,1,NN
subscribed,1,NN
printscreen,1,NN
laws,1,NNS
attitude,1,NN
vmware,1,NN
horizon,1,NN
neural,1,JJ
eiffel,1,NN
kilometors,1,NNS
supporting,1,VBG
operated,1,VBN
high-energy,1,NN
annotation,1,NN
overdue,1,JJ
pilots,1,NNS
uninterrupted,1,JJ
progressive,1,NN
circles,1,NNS
insight,1,NN
softball,1,NN
countrie,1,NN
chose,1,NN
becoming,1,VBG
caluculation,1,NN
usage/history,1,NN
stolen,1,VBN
nexg,1,NN
evoluo,1,NN
contributes,1,NNS
contribute,1,NN
tutoring,1,VBG
sketchbook,1,NN
usages,1,NNS
lung,1,NN
collapse,1,NN
lungcollapse,1,NN
authenticating,1,VBG
eyesight,1,NN
photo-editing,1,NN
calculates,1,NNS
cbn,1,NN
contrast,1,NN
hypnosis,1,NN
spreaker,1,NN
scrap,1,NN
streamings,1,NNS
consoles,1,NNS
ui,1,NN
discord,1,NN
discordtag,1,NN
cares,1,NNS
biblical,1,JJ
teaser,1,NN
caregivers,1,NNS
identifies,1,NNS
howling,1,VBG
meting,1,VBG
tc-2,1,NN
exhibition,1,NN
skylines,1,NNS
skyline,1,NN
brings,1,NNS
jouney,1,NN
biceps,1,NNS
praying,1,VBG
simpler,1,NN
faker,1,NN
404,1,CD
mothercare,1,NN
escapes,1,NNS
sacred,1,VBN
contribution,1,NN
maintain,1,NN
ranked,1,NNS
flood,1,NN
newborns,1,NNS
growth/development,1,NN
waking,1,VBG
maintainance,1,NN
questioner,1,NN
pop-shows,1,NNS
digest,1,NN
bloggers,1,NNS
directly,1,RB
consider,1,VB
rails,1,NNS
handling,1,VBG
toolbox,1,NN
bone,1,NN
revolution,1,NN
psiphon,1,NN
sexual,1,JJ
monkey,1,NN
chanel,1,NN
tweeted,1,VBN
handbag,1,NN
least,1,JJS
curriences,1,NNS
dealings,1,NNS
servicelist,1,NN
asian,1,JJ
attire,1,NN
sensing,1,VBG
operator,1,NN
chef,1,NN
stitch,1,NN
flight/hotel,1,NN
lion,1,NN
inmate,1,NN
experts,1,NNS
salvation,1,NN
ev,1,NN
lister,1,NN
entrance,1,NN
cine,1,NN
removal,1,NN
roller,1,NN
coaster,1,NN
sort/,1,NN
recycle,1,NN
bin,1,NN
emt,1,NN
pip-up,1,NN
inforamtion,1,NN
equipments,1,NNS
claiming,1,VBG
gardener,1,NN
restraunt,1,NN
gluten,1,NNS
bowling,1,NN
pins,1,NNS
showint,1,NN
mpg,1,NN
repeating,1,VBG
dispalyed,1,NN
crete,1,NN
hut,1,NN
imege,1,NN
colorful,1,NN
1982,1,CD
pop=up,1,NN
bells,1,NNS
overplay,1,NN
kllio,1,NN
meters,1,NNS
callapp,1,NN
yes/no,1,NN
zooming,1,VBG
removed,1,VBN
simulated,1,JJ
optons,1,NNS
underwater,1,NN
bloomed,1,VBN
tulips,1,NNS
loss/diet/nutrition,1,NN
egg,1,NN
bun,1,NN
vase,1,NN
landscape,1,NN
e-ticketing,1,NN
hf,1,NN
deluxe,1,NN
megabus,1,NN
boot,1,NN
video/audio,1,NN
gpa,1,NN
those,1,DT
gowireless,1,NN
lciation,1,NN
chakra,1,NN
poop-up,1,NN
dinosaur,1,NN
sunday,1,NN
navigon,1,NN
adventurer,1,NN
fisherman,1,NN
health/growth,1,NN
anniversaries,1,NNS
mobility,1,NN
friends/socialize/date/chat,1,RB
memorize,1,NN
beme,1,NN
tinnitus,1,NN
ptm,1,NN
bay,1,NN
transports,1,NNS
tracket,1,NN
orange,1,NN
top-level,1,NN
thenics,1,NNS
classrooms,1,NNS
keychain,1,NN
salmon,1,NN
mysteries,1,NNS
goddess,1,NN
mary,1,NN
presents,1,NNS
distractions,1,NNS
pagre,1,NN
frim,1,NN
exchanging,1,VBG
conditioner,1,NN
cop,1,NN
dealing,1,VBG
avoiding,1,VBG
independent,1,JJ
pharmacies,1,NNS
mango,1,NN
mothers,1,NNS
spread,1,NN
promoted,1,VBN
community/local/national,1,NN
huge,1,JJ
solunar,1,NN
filters/search,1,NN
cardinals,1,NNS
tomorrow,1,NN
thrift,1,NN
unworn,1,JJ
bg,1,NN
plangrid,1,NN
punchlist,1,NN
giraffe,1,NN
wachanga,1,NN
towards,1,NNS
gospel,1,NN
caregiver,1,NN
combo,1,NN
climatic,1,JJ
bloomberg,1,NN
appear,1,VB
hunter,1,NN
trying,1,VBG
jiochat,1,NN
zoomed,1,VBN
thursday,1,NN
duplicates,1,NNS
agreeing,1,VBG
sniping,1,VBG
aim,1,NN
cell,1,NN
inaccuracy,1,NN
radars,1,NNS
truckers,1,NNS
toilet,1,NN
lie,1,NN
statical,1,JJ
coking,1,VBG
email-errors,1,NNS
music/video,1,NN
rehabilitation,1,NN
'quit,1,NN
antichat,1,RB
smash-words,1,NNS
smash,1,NN
faith,1,NN
abouts,1,NNS
talented,1,VBN
magnifying,1,VBG
4th,1,CD
join/sign,1,NN
blacklisted,1,VBN
blacklists,1,NNS
ans,1,NNS
risks,1,NNS
unsecured,1,JJ
risk,1,NN
/news,1,NNS
hospitality,1,NN
catching,1,VBG
caller-id,1,NN
commence,1,NN
psychology,1,NN
forcasting,1,VBG
progressing,1,VBG
joystick,1,NN
clefs,1,NNS
revelations,1,NNS
desaturation,1,NN
exist,1,NN
amenties,1,NNS
increment,1,NN
oh,1,NN
aljazeera,1,NN
statistics/favorites/positions,1,NNS
celebrities,1,NNS
emulation,1,NN
cot,1,NN
knotting,1,VBG
innovative,1,JJ
wife,1,NN
easter,1,NN
dresswear,1,NN
square,1,NN
babys,1,NN
share/connect,1,NN
sort/filter,1,NN
cookbooks,1,NNS
bagel,1,NN
indicator,1,NN
tin,1,NN
consideration,1,NN
paths,1,NNS
minicraft,1,NN
backwards,1,NNS
sand,1,NN
un-highlighted,1,JJ
registrations,1,NNS
wrote,1,VBD
wakeup,1,NN
barnacle,1,NN
anyways,1,NNS
pro-version,1,NN
formation,1,NN
fingertips,1,NNS
dota,1,NN
uh-oh,1,JJ
magellanic,1,NN
king,1,NN
connects,1,NNS
accepted,1,JJ
crashed,1,NNS
vintage,1,NN
peer,1,NN
interviewer,1,NN
death,1,NN
memorial,1,NN
boosting,1,VBG
extension,1,NN
dominoes,1,NNS
matchday,1,NN
latin,1,NN
anyone,1,NN
informal,1,JJ
precipitation,1,NN
video-call,1,NN
applicatiuon,1,NN
croping,1,VBG
abhibus,1,NN
communicating,1,VBG
partly,1,RB
why,1,WRB
invest,1,NN
fertilizer,1,NN
triggered,1,VBN
quadrooter,1,NN
minivan,1,NN
admit,1,NN
veggies,1,NNS
airplane,1,NN
takeoff,1,NN
largest,1,JJS
cleveland,1,NN
dispatch,1,NN
dateway,1,NN
flagging,1,VBG
captcha,1,NN
case,1,NN
senior,1,JJ
take-off,1,NN
oriented,1,VBN
jabber,1,NN
preowned,1,VBN
trades,1,NNS
dont,1,NN
homer,1,NN
mediacal,1,JJ
observation,1,NN
blind,1,NN
vulnerabilities,1,NNS
womanlog,1,NN
snapchat,1,NN
audials,1,NNS
enriching,1,VBG
insta,1,NN
tagged,1,VBN
criminal,1,JJ
jail-base,1,NN
job/career,1,NN
fnaf,1,NN
wether,1,NN
branco,1,NN
in/login,1,NN
anti-snoring,1,NN
frisian,1,JJ
dictionary/translator,1,NN
geometrical,1,JJ
divided,1,VBN
1/3,1,CD
sayings,1,NNS
must,1,MD
filing,1,NN
crimes,1,NNS
citizen,1,NN
farmer,1,NN
koala,1,NN
hom,1,NN
files/recipients,1,NNS
faxfile,1,NN
relevance,1,NN
tabatas,1,NNS
parallel,1,NN
denomination,1,NN
pag,1,NN
determine,1,NN
compete,1,NN
adventurous,1,JJ
treasure,1,NN
geocaching,1,VBG
ah,1,NN
campground,1,NN
sidebar,1,NN
fetal,1,NN
auto-reply,1,NN
saint,1,NN
real-time,1,NN
saints,1,NNS
automate,1,NN
grizzly,1,NN
trophies,1,NNS
foodspotting,1,VBG
wedge,1,NN
sneaker,1,NN
venus,1,NN
optimizing,1,VBG
datting,1,VBG
ordered,1,VBN
languagetranslator,1,NN
gourmet,1,NN
lodge,1,NN
glimmer,1,NN
salwar,1,NN
food-delivery,1,NN
sketches,1,NNS
hang,1,NN
bite,1,NN
examination,1,NN
deep,1,NN
tablets,1,NNS
omelette,1,NN
newsstand,1,NN
codecs,1,NN
discussing,1,VBG
shirts/sweaters,1,NNS
meat,1,NN
considering,1,VBG
speedgauge,1,NN
saga,1,NN
exquisite,1,NN
severe,1,JJ
linegen,1,NN
community/national,1,NN
delivers,1,NNS
orbits,1,NNS
plugs,1,NNS
silence,1,NN
participating,1,VBG
sniper,1,NN
mummy,1,NN
whistles,1,NNS
observer,1,NN
importing,1,VBG
regret,1,NN
tried,1,VBN
wildfire,1,NN
illinois,1,NN
pandemic,1,NN
explores,1,NNS
6-digit,1,JJ
've,1,VBP
deen,1,NN
chocolope,1,NN
cannabis,1,NN
pretends,1,NNS
installer,1,NN
priority,1,NN
slipper,1,NN
sandal,1,NN
audio-bible,1,JJ
vents,1,NNS
prefect,1,NN
fav,1,NN
qualifiers,1,NNS
publication,1,NN
synchronized,1,VBN
profilename,1,NN
meteor,1,NN
onboard,1,NN
sceneries,1,NNS
dual-fuel,1,NN
valet,1,NN
young,1,JJ
terminate,1,NN
sever,1,NN
glutes,1,NNS
urban,1,JJ
pokes,1,NNS
takealot,1,NN
ada,1,NN
cc,1,NN
calisthenics,1,NNS
workplaces,1,NNS
remoting,1,VBG
insulins,1,NNS
workflow,1,NN
mids,1,NNS
grader,1,NN
masterwork,1,NN
simplifies,1,NNS
expansion,1,NN
finds,1,NNS
c++,1,NN
map-based,1,JJ
expecting,1,VBG
hows,1,NNS
improves,1,NNS
carnival,1,NN
shooting,1,VBG
on/off,1,NN
sighting,1,VBG
4d,1,CD
addicts,1,NNS
serious,1,JJ
addictions,1,NNS
robotic,1,JJ
tc_5,1,NN
mant,1,NN
baseline,1,NN
contradictions,1,NNS
play-store,1,NN
libor,1,NN
verifications,1,NNS
opt,1,NN
smashbox,1,NN
included,1,VBD
sin,1,NN
consumer,1,NN
tiers,1,NNS
latam,1,NN
avoided,1,VBD
dealnews,1,NNS
flexibility,1,NN
hits,1,NNS
cloudpath,1,NN
ulmon,1,NN
pptx,1,NN
conclusive,1,NN
automotive,1,JJ
nfc,1,NN
c,1,NNS
rfi,1,NN
flyp,1,NN
mms,1,NN
unregistered,1,JJ
tacking,1,VBG
posture,1,NN
traditional,1,JJ
vacations,1,NNS
buyer-seller,1,NN
fishes,1,NNS
agendas,1,NNS
extract,1,NN
extracted,1,VBN
lemonade,1,NN
regularly,1,RB
photographing,1,VBG
amateur,1,NN
veterinary,1,JJ
exciting,1,VBG
regretting,1,VBG
offenders,1,NNS
shayaris,1,NN
friendship,1,NN
shepered,1,VBN
87,1,CD
thousands,1,NNS
rewrds,1,NNS
burial,1,NN
churches,1,NNS
acoount,1,NN
snowboarding,1,VBG
science-based,1,JJ
multiplayer,1,NN
prefix,1,NN
screencasting,1,VBG
agneepath,1,NN
makers,1,NNS
palyer,1,NN
bookba,1,NN
vising,1,VBG
steelersask,1,NN
puppy,1,JJ
ice-cream,1,NN
musicians,1,NNS
institute,1,NN
lonely,1,RB
sideline,1,NN
shutter,1,NN
ant,1,NN
tea,1,NN
require,1,NN
championships,1,NNS
encore,1,NN
allure,1,NN
clinics,1,NNS
spinal,1,NN
cord,1,NN
poweramp,1,NN
kk/jb/ics,1,NNS
mcq,1,NN
ons,1,NNS
narendra,1,NN
modi,1,NN
corps,1,NN
ins,1,NNS
shredder,1,NN
government,1,NN
gray,1,NN
